"gauge_id","varSeas_stl","varInterannual_stl","varRem_stl","varSeas_clas","varInterannual_clas","varRem_clas","varSeas_fourier","varInterannual_fourier","varRem_fourier"
"camelses_1080",0.130779828569547,0.182937093660327,0.585036137851318,0.132594122940841,0.0181270338157898,0.845595496419517,0.127815737917138,0.09577973095868,0.776404531124201
"camelses_1103",NA,NA,NA,NA,NA,NA,NA,NA,NA
"camelses_1105",0.109624645265865,0.207645469861948,0.568267121262029,0.125379931418962,0.0386705265224386,0.820445730575552,0.114552916209341,0.126769779614645,0.758677304176113
"camelses_1106",0.153078475755781,0.17982545760782,0.579384124625205,0.154165063159966,0.0417007872510364,0.791926475511182,0.14243218312725,0.115110303720962,0.742457513151788
"camelses_1109",0.145054890632522,0.164385831065483,0.598126038290963,0.148297086802529,0.0226868812103179,0.820893555168866,0.138811174205556,0.0945658445858271,0.766622981208638
"camelses_1163",0.160090476751921,0.158950562573798,0.583951719361227,0.0838984048041935,0.0246870549430174,0.887138260265416,0.165288025762378,0.0764888688545507,0.758223105383076
"camelses_1265",0.41828402161696,0.165935331880473,0.323216852227884,0.358962828454622,0.0473174859237459,0.585078456143532,0.425073538605775,0.175618874994636,0.399307586399603
"camelses_1268",0.194235722247625,0.182048723939387,0.538586653610701,0.18594434463495,0.0236570995744913,0.788476212890433,0.192098187083175,0.0975961350865617,0.710305677830628
"camelses_1295",0.109993973776629,0.187679196013897,0.603864633678633,0.110630422206154,0.0134163674803234,0.870282313492079,0.10765859621938,0.0701779770492334,0.822163426731387
"camelses_1302",0.144018900450828,0.189686273129379,0.566969642788935,0.143314742119255,0.0217006065244908,0.836848701420108,0.141196793466642,0.121321411055957,0.737481795477401
"camelses_1343",0.105669571670338,0.181768392377675,0.617093029861664,0.0957154310557684,0.0135898205200665,0.890531955695205,0.111086899703424,0.0637933108328321,0.825119789463714
"camelses_1353",0.307585393182478,0.184839971066851,0.392167474936342,0.285351799251756,0.0520644017898035,0.649330231427412,0.313308588944687,0.235043526743177,0.451647884312162
"camelses_1363",0.262070493335017,0.131570469195744,0.526806120044824,0.23020435252174,0.0290558749750329,0.759788568180743,0.246573895879486,0.178126290960694,0.575299813159819
"camelses_1365",0.211442619700406,0.177129440934958,0.504099084876319,0.217678799121234,0.0303298496944504,0.747803679774309,0.217364048565618,0.151511431792932,0.631124519641449
"camelses_1369",0.209827355616685,0.183473701964575,0.515600773675928,0.212093728556883,0.0246471588190579,0.761053403506203,0.204768311383706,0.143952803288978,0.651278885327316
"camelses_1378",0.12893906362742,0.19549728235773,0.566762534752052,0.131917629334207,0.028253192557504,0.836050717351483,0.129818868696511,0.138000854408088,0.732180276895422
"camelses_1395",0.182160273153191,0.173468884193226,0.570680461087235,0.143863898172361,0.0374150354044175,0.801723680835291,0.159226084142938,0.14081290249623,0.699961013360831
"camelses_1404",0.315348266010594,0.22464214017873,0.384342217432405,0.255318401910939,0.112516805303109,0.586061085430442,0.277611980054228,0.321086314365657,0.401301705580078
"camelses_1414",0.235524680340717,0.154283791516277,0.522970978184576,0.2284100999669,0.034186910997336,0.735122787099545,0.225812111912461,0.173832248079179,0.600355640008403
"camelses_1424",NA,NA,NA,0.331548989313052,0.0502428796178004,0.619431001330907,NA,NA,NA
"camelses_1427",0.215675516911216,0.198775847663426,0.480609762250926,0.214289989562698,0.0499229477178495,0.72871310116279,0.208037343733828,0.207088966898746,0.584873689367425
"camelses_1431",0.143423308903677,0.16147684096911,0.588111347415055,0.165477433525543,0.0339554119194549,0.79115287328426,0.149987558025802,0.105741766637831,0.744270675336364
"camelses_1433",0.212963592876485,0.211161828096758,0.487703689742344,0.209182967701575,0.0474128475095551,0.73323396485178,0.203725456281714,0.171555947166769,0.62471859655152
"camelses_1438",0.250205129909563,0.169861735753494,0.490318397955093,0.13871833237285,0.0320314951602069,0.818723115064864,0.254929263883475,0.194087717468531,0.550983018647895
"camelses_1441",NA,NA,NA,NA,NA,NA,NA,NA,NA
"camelses_1443",0.195633298984798,0.18590113959908,0.549200449825843,0.192903448850907,0.0318704355671465,0.764308629078494,0.181159817664554,0.118097780721388,0.70074240161405
"camelses_1464",0.23298271909404,0.208762847476525,0.451265943087607,0.224848258209495,0.0687718821222982,0.68328715654955,0.226024606872858,0.216014506653802,0.557960886473356
"camelses_1485",0.305460768107233,0.250384318956014,0.361123986416078,0.297562133460077,0.0831416710623681,0.590656974885957,0.283613845530989,0.291152109197452,0.42523404527156
"camelses_1512",NA,NA,NA,NA,NA,NA,NA,NA,NA
"camelses_1520",NA,NA,NA,0.288304795891773,0.0724762905657109,0.619134411494866,NA,NA,NA
"camelses_1522",NA,NA,NA,NA,NA,NA,NA,NA,NA
"camelses_1540",NA,NA,NA,0.167421244138623,0.11267018919784,0.70885612977101,NA,NA,NA
"camelses_1542",0.21465363832548,0.223717412270834,0.489519908974284,0.193714026156479,0.0833504564905575,0.711440527978668,0.204323987691621,0.23349825188168,0.562177760426701
"camelses_1544",0.228330064192143,0.228814913744309,0.451462073004086,0.222608276354565,0.0669018182909595,0.694345241825061,0.218226246988982,0.217214398619733,0.564559354391288
"camelses_1546",0.314945889763873,0.156309569612876,0.413458462439755,0.313527781671059,0.0504781950095541,0.625308270629985,0.32450603213111,0.181721463815862,0.493772504053003
"camelses_1552",0.209175675129575,0.264595366138663,0.400730988853522,0.21352933365647,0.107544084191583,0.654674104941792,0.214797928450278,0.35812297359837,0.42707909795135
"camelses_1578",NA,NA,NA,NA,NA,NA,NA,NA,NA
"camelses_1585",0.216280421340527,0.132765650309593,0.552951301659272,0.224648903334541,0.0301170068784337,0.73761093381212,0.218563941993723,0.0884004868005276,0.693035571205744
"camelses_1605",0.34185823387659,0.154774800954073,0.399700814379427,0.336873092700647,0.0486265683072372,0.591603625940722,0.347784797230817,0.191174374136085,0.461040828633098
"camelses_1619",0.265182015489589,0.166559827103371,0.461782088088586,0.227453682877947,0.0416626431798201,0.728127289345112,0.264239710170492,0.147650183504216,0.588110106325261
"camelses_1620",0.293367898272303,0.154918671263548,0.451068172977126,0.291665380209203,0.0434877936609458,0.658023921267565,0.296019108040843,0.158553313356324,0.54542757860299
"camelses_1622",0.344432579742575,0.149968384042107,0.408580687893269,0.318262491243244,0.0490482090061036,0.618753477951687,0.326635462569879,0.179870376698893,0.493494160731227
"camelses_1624",0.292357010940438,0.150499065988706,0.452484148838643,0.289786843683484,0.0499969611390772,0.649424903987818,0.294465566125076,0.173156813678979,0.532377620195938
"camelses_1638",NA,NA,NA,NA,NA,NA,NA,NA,NA
"camelses_1647",0.197348499171565,0.131903446084448,0.518007442421954,0.181101798957786,0.0407435016112799,0.765268866978679,0.21219137794494,0.127223748961129,0.660584873093931
"camelses_1659",0.272216768104731,0.173158786772877,0.449258648858286,0.264771121782612,0.057191188464637,0.663226970310172,0.263896265062663,0.192707258504906,0.543396476432436
"camelses_1715",0.350755214599769,0.176153181829323,0.370035274805938,0.347833005195033,0.0794648296084133,0.551868392945045,0.349912367158125,0.227836382983165,0.422251249858858
"camelses_1721",0.344895483037864,0.155033807345476,0.450719430566124,0.300928052724268,0.0634377978231572,0.643470408080352,0.283421714486817,0.216655939291181,0.499922346221966
"camelses_1723",NA,NA,NA,0.389019574985407,0.0728619812640599,0.53819141056667,NA,NA,NA
"camelses_1725",0.36547232249235,0.146333178417314,0.396786126342329,NA,NA,NA,0.345585315160105,0.190868283430364,0.463546401409532
"camelses_1726",0.328628031707084,0.16033946645713,0.393576873008927,0.331422000435223,0.0681056107541536,0.581698287171569,0.335341203081075,0.203970709649838,0.460688087269091
"camelses_1728",NA,NA,NA,NA,NA,NA,NA,NA,NA
"camelses_1729",NA,NA,NA,NA,NA,NA,NA,NA,NA
"camelses_1734",0.21242252116413,0.295172796124522,0.394249128620196,0.170744653542193,0.133581762350011,0.657908216297653,0.189442891520857,0.356811442157879,0.453745666321274
"camelses_1753",0.300743933997591,0.157988640392563,0.432500465936825,0.293132007070269,0.0597865222441538,0.635094816212148,0.296971099105784,0.206965130071999,0.496063770822218
"camelses_1765",0.21966205360101,0.280278844184973,0.411345168294551,0.205216538482424,0.0974197592408376,0.670569784130012,0.194021250140802,0.333343681496619,0.472635068362575
"camelses_1823",NA,NA,NA,NA,NA,NA,NA,NA,NA
"camelses_1824",NA,NA,NA,NA,NA,NA,NA,NA,NA
"camelses_1829",NA,NA,NA,NA,NA,NA,NA,NA,NA
"camelses_2000",0.250740646614415,0.201306379852032,0.460373195358597,0.224377773323417,0.0582174116852522,0.701317443870472,0.242199759561233,0.190303332470303,0.567496907968463
"camelses_2005",0.17345159051797,0.256200272631827,0.465281202574798,0.166303479607574,0.0709841249685809,0.744668976282676,0.162359858725332,0.254943513133446,0.582696628141223
"camelses_2012",0.204840597203222,0.2584613550499,0.449424558140351,0.178119793905296,0.0704333481027084,0.738784293571682,0.195064674658091,0.277664563203365,0.527270762138591
"camelses_2013",0.183307430629863,0.283354502187448,0.402646640887836,0.179295847610944,0.114123422235071,0.673726037689049,0.188207800548617,0.328643188791291,0.483149010660092
"camelses_2015",0.173098507915942,0.312621073548707,0.400248519815906,0.16559276384491,0.11958548077397,0.683217673897619,0.163470671795921,0.369960186602407,0.466569141601676
"camelses_2016",0.317216230716294,0.251364136145465,0.350758575065252,0.192974617219914,0.18751341456501,0.576294083062628,0.298750551976289,0.305717961493861,0.395531486529849
"camelses_2017",0.160559253390404,0.299585655683434,0.431883384120083,0.15209032540933,0.103979307867983,0.717251178581425,0.155566701034142,0.324645671968522,0.519787626997333
"camelses_2025",0.179990810071327,0.33210180261587,0.386775126797574,0.166173305380237,0.140576348879205,0.652541364829997,0.170107371215206,0.417939744027705,0.411952884757222
"camelses_2026",0.13369093269434,0.246027713535551,0.465414571689141,0.161237555865661,0.0779735776874912,0.776118054592,0.161394255021186,0.265203240676268,0.573402504302564
"camelses_2028",0.127644592509839,0.216993638426105,0.561039252460949,0.122255159861777,0.0328113619523136,0.841889267017143,0.119492312667146,0.126290888420484,0.754216798912374
"camelses_2029",0.156093488512112,0.286603930343548,0.44581749272154,0.151258029891577,0.105475656362558,0.712944154644632,0.146021001332544,0.308531795784688,0.545447202882772
"camelses_2030",0.17763913096517,0.230437194605571,0.504568576193186,0.170058768440855,0.0466289561192588,0.773664845744245,0.164886080010302,0.18086634861461,0.654247571375092
"camelses_2031",0.192964393290733,0.242173517887566,0.469328636478259,0.18668017975581,0.064057972038809,0.734412097174946,0.179505631720564,0.241190820197557,0.579303548081883
"camelses_2036",0.221075276264472,0.259346703113994,0.419950867930383,0.213584367192677,0.0815803638379519,0.682404154043499,0.207088962937593,0.287658154992629,0.505252882069783
"camelses_2041",0.109461215296687,0.262564954408697,0.514356760105305,0.10100513364096,0.0805221163031201,0.803959572946186,0.0999673845008455,0.241122490972877,0.658910124526281
"camelses_2043",0.172941386062396,0.291610831654668,0.422432331036522,0.16637303045825,0.107543873800342,0.694006190744428,0.161423485929112,0.325840843397871,0.512735670673021
"camelses_2046",0.162229846542628,0.332091697035524,0.405215969202711,0.145200694939111,0.127645500506327,0.699906524967564,0.144662804352238,0.371224503410602,0.484112692237164
"camelses_2047",0.123919377014496,0.312269199162294,0.475586057079833,0.108162902313672,0.0903373172141847,0.782449291189389,0.105282248008882,0.291506995354394,0.603210756636729
"camelses_2049",0.147239874872847,0.372394672282684,0.366922590738458,0.139167928578206,0.16604128965195,0.639396378237414,0.134584963372667,0.425980103503283,0.439434933124054
"camelses_2050",0.295648455548463,0.241641150722997,0.389272702837306,0.276059551367696,0.0686257094431111,0.634756079085484,0.254974411560316,0.317505063063769,0.427520525375933
"camelses_2053",0.304044520039538,0.275349925187752,0.33358288568311,0.289732464790588,0.103956023032302,0.579760829542581,0.28676019285702,0.334682394309582,0.378557412833402
"camelses_2054",0.209610176024556,0.31739931233415,0.363346052842648,0.199294736985701,0.127770413109853,0.636347155940014,0.19439003532222,0.393395723511303,0.412214241166481
"camelses_2055",0.317775507101704,0.200623010300416,0.387143536357683,0.300793506035737,0.071047109778002,0.618579980560853,0.310548641236168,0.285463692394994,0.403987666368832
"camelses_2056",0.152110438070366,0.335689371964683,0.388131941715073,0.140954113465377,0.115071958959435,0.717552281388653,0.138790698972559,0.384186773734438,0.477022527293008
"camelses_2057",0.192328794820734,0.242154795615932,0.466289230069245,0.185225489057451,0.0664112290012793,0.739924984306064,0.180251440838509,0.248926639137265,0.57082192002423
"camelses_2060",0.204935117128453,0.292717663950145,0.383276498925621,0.183907345645507,0.124206361242872,0.665510752176343,0.187802594229941,0.364931712456727,0.44726569331333
"camelses_2061",0.202490094850247,0.296383925320549,0.356348655503931,0.212160450483176,0.129852854806059,0.610751553883051,0.212255179670909,0.397316358277001,0.390428462052088
"camelses_2062",0.235469703791274,0.308310675199473,0.348801376016,0.223781127713677,0.122088252910133,0.614840743920363,0.218598299618213,0.38516331026725,0.396238390114541
"camelses_2074",0.172403936669823,0.282180224781596,0.420245869097779,0.17144551460817,0.107339660875695,0.691423368560841,0.169694647173638,0.321640718379813,0.50866463444656
"camelses_2081",0.141576740928492,0.214047114621479,0.535539762815821,0.124013445314185,0.0522685676136532,0.817311428790141,0.138043594106822,0.181011917382767,0.680944488510416
"camelses_2082",0.157841404466966,0.257943596094769,0.45956599240092,0.156249103068468,0.0930611068471486,0.724370013344898,0.156969402180008,0.268760099015874,0.574270498804332
"camelses_2089",0.138564411814917,0.270195926791689,0.469428984547402,0.134220681227787,0.092855329125682,0.749566982479955,0.132752217686568,0.266847586548559,0.600400195764877
"camelses_2095",0.171685521358876,0.308709180230039,0.41547286213242,0.126203599279529,0.14828791510066,0.687721295832614,0.139248732498512,0.442827454080845,0.417923813420615
"camelses_2098",0.314114985789771,0.170276251943592,0.436537750752905,0.305850950409055,0.030240645060247,0.66060998218915,0.301945260137953,0.12764184524879,0.570412894613257
"camelses_2101",0.137929423438847,0.210690010381401,0.548268285231946,0.144796566424525,0.0408916709628283,0.802851095234507,0.131071105683687,0.146206631436,0.722722262880317
"camelses_2104",0.181624799742759,0.256461725513649,0.454607469577607,0.175336240148926,0.0838942285964853,0.721958113457523,0.171202374972466,0.27276547805679,0.556032146970748
"camelses_2105",0.0839528449316587,0.258552880413268,0.536130958634369,0.0880900767000911,0.096501825869394,0.782717154627215,0.0865793772738479,0.206539344670852,0.706881278055306
"camelses_2113",0.113506174673273,0.231874371845683,0.528651263311003,0.117880324010506,0.0693448820697889,0.793311453177847,0.118657223605723,0.197888701941872,0.683454074452335
"camelses_2114",0.164681051922119,0.226284181430336,0.499887014234661,0.170029738626923,0.0812634063225989,0.749026062848323,0.160489935741271,0.282699802338816,0.556810261919908
"camelses_2115",0.264182777368475,0.169820015893107,0.460923709890093,0.253313122680442,0.0352413252722005,0.702762181978196,0.262618181226508,0.130151456513442,0.607230362260049
"camelses_2116",0.0927218270586643,0.305504517742537,0.453854496909778,0.11827953855276,0.0933279070086721,0.763158872063627,0.105542272531771,0.423694112039204,0.470763615429013
"camelses_2121",0.279418818672542,0.24500807861554,0.368440695732459,0.257307158165933,0.0976061823353866,0.618794393686136,0.272043250094621,0.30429517045491,0.423661579450466
"camelses_2125",0.148219103996614,0.263741166010405,0.515896570190785,0.132461838907742,0.0956552920714159,0.743873172734974,0.131853914008998,0.311096486478481,0.557049599512661
"camelses_2126",0.117671420218823,0.287791093706751,0.502861855980635,0.0988563742484473,0.115601917169959,0.764783435544554,0.100767962025869,0.277952270553292,0.621279767420741
"camelses_2131",0.255685039004095,0.15406189539155,0.495279127235706,0.248020815448242,0.04648502703496,0.691356140799283,0.254215044860043,0.150770833937125,0.595014121202832
"camelses_2132",0.179217914688054,0.326160404000586,0.380688792000801,0.171786930858016,0.132555492694036,0.657065026133737,0.169415607575518,0.387792231985209,0.442792160439277
"camelses_2138",0.360715803662306,0.144975544401163,0.398343724131917,NA,NA,NA,0.336374550683524,0.193718318256616,0.469907131059864
"camelses_2139",0.301301436858059,0.212513105410736,0.434531100327894,NA,NA,NA,0.254118799770505,0.307325629521036,0.438555570708449
"camelses_2141",0.311411693726673,0.130817438199985,0.503358919267535,NA,NA,NA,0.273635935562257,0.163372421365915,0.562991643071819
"camelses_2143",0.112288688489295,0.284709760636486,0.484199925236127,0.103893835259046,0.106289744075138,0.764588843838133,0.0997949254942851,0.324934802637744,0.57527027186797
"camelses_2144",0.186148550982153,0.232666865911762,0.492191914256326,0.148336404027366,0.0987905046578088,0.727316366910051,0.16078838276767,0.287639191375932,0.551572425856371
"camelses_2145",0.292241459592786,0.203374995898563,0.431502278146211,NA,NA,NA,0.241951837377355,0.22840206746443,0.529646095158206
"camelses_2147",0.258642300193836,0.142943123947458,0.509478984711572,NA,NA,NA,0.247120448074487,0.148277147708316,0.604602404217187
"camelses_2150",0.224321229527554,0.182781979271839,0.469816818675475,0.255534656011518,0.0349991732878833,0.720616118255651,0.235353210791599,0.151313994495781,0.613332794712636
"camelses_2156",0.283177358477635,0.196242321172121,0.435474212785474,NA,NA,NA,0.220701953018581,0.243177823750774,0.536120223230635
"camelses_2163",0.186099125914652,0.290900835464779,0.421247594489704,0.168948107345383,0.120705934354307,0.675050952527358,0.168481580187641,0.333058999104554,0.498459420707804
"camelses_2711",0.184715315649652,0.256986658528824,0.407750221660573,0.233047449721426,0.0897913825079111,0.693834077497668,0.20926496089681,0.289036969991624,0.501698069111582
"camelses_2712",0.206481103189743,0.200565386862815,0.480348900169991,0.222798790039195,0.0816842704927582,0.691285718459326,0.200695645021889,0.312546188396711,0.486758166581425
"camelses_2713",0.212166405232147,0.225399119185025,0.469011660138421,0.20323083738744,0.0839378633170647,0.685134882697788,0.192508110459244,0.225986108472385,0.581505781068397
"camelses_2714",NA,NA,NA,NA,NA,NA,NA,NA,NA
"camelses_2716",0.0955639603306553,0.207948565836356,0.575438304091798,0.115082534106815,0.0711716014995947,0.791195738231411,0.107632098956899,0.19181666546262,0.700551235580516
"camelses_2717",0.139240141569735,0.188788361745129,0.583928910537005,0.124802161085762,0.0512309597848749,0.814425294928804,0.117296513353535,0.158518082889363,0.724185403757129
"camelses_2818",0.183897848815853,0.255517290454941,0.423341872178201,0.184700805505534,0.104771667806092,0.686072842902615,0.195292635399417,0.305838775060654,0.49886858953996
"camelses_3001",0.125301195087041,0.273428566910698,0.481700565667614,0.119591272899623,0.0670114051131284,0.79646809293154,0.117068285459059,0.251377520497975,0.631554194042971
"camelses_3005",0.164548682605469,0.329403945620417,0.381840414752871,0.157550936943022,0.124115159498402,0.68928490857541,0.157733925768454,0.38025009823211,0.46201597599944
"camelses_3012",0.215533125019361,0.352785135124654,0.315431795013314,0.197955026818746,0.130249794644663,0.652639239095477,0.196338563978535,0.385098062395826,0.418563373625642
"camelses_3014",0.286512571976734,0.167885910249829,0.465090641825856,NA,NA,NA,0.27058054567711,0.214453312907849,0.514966141415042
"camelses_3030",0.093365080395609,0.397187298944111,0.376340841295387,0.0934941800674975,0.220354314639049,0.641651908456297,0.100882419730215,0.417546179701892,0.481571400567897
"camelses_3040",0.218680699117443,0.163303922920161,0.560211344047375,NA,NA,NA,0.199886798657866,0.230729021197559,0.569384180144565
"camelses_3045",0.140992098046035,0.287421757513783,0.461538646282221,0.132115407964461,0.0859532571504405,0.765912186716859,0.128969162860997,0.265700089404879,0.605330747734128
"camelses_3049",0.381609047696902,0.127494016606014,0.442557037861437,NA,NA,NA,0.334968197733328,0.171834352395412,0.493197449871251
"camelses_3051",0.103406061944229,0.287708731472381,0.429448942778359,0.110463180413796,0.106019922413131,0.788045284289532,0.116617865430612,0.307794745901412,0.575587388668009
"camelses_3052",0.105372567436434,0.363751821281402,0.401004881835643,0.0947950869070442,0.124225326543795,0.771968127495135,0.09299633361736,0.363969196582397,0.543034469800248
"camelses_3062",0.0850671164858451,0.317316015898025,0.462949065982102,0.0850244020255008,0.145661634816371,0.757036857788177,0.0978574117186932,0.343591362062198,0.558551226219031
"camelses_3100",0.308573057448884,0.14505773900979,0.491194038634995,0.15561247057806,0.0989113565211528,0.742014544796513,0.269267392914945,0.154250333997391,0.576482273087663
"camelses_3103",0.192659339256687,0.148332989589938,0.572639703034684,NA,NA,NA,0.208423867974868,0.139154345530754,0.652421786494368
"camelses_3144",0.15594699335899,0.245039582917899,0.478468466728605,0.12013884200101,0.0781345644619369,0.781279305806147,0.150997232400116,0.263524638146329,0.585478129453558
"camelses_3146",0.267989257012586,0.149157151615956,0.497339966274601,0.156507730384667,0.0540199475921272,0.792571191966387,0.254545411826544,0.20729088145763,0.538163706715816
"camelses_3161",0.129388304835465,0.269081110069408,0.492013587110578,0.120951510724203,0.0855637068989208,0.784490271788527,0.127975583158928,0.282194680024287,0.589829736816787
"camelses_3163",0.131665804490569,0.217512249372437,0.5406236269747,0.12097575285064,0.0659918438107004,0.806294052471885,0.128721304336677,0.204712434027233,0.666566261636091
"camelses_3165",NA,NA,NA,NA,NA,NA,NA,NA,NA
"camelses_3168",0.167778991902411,0.170366687664324,0.611968197398584,NA,NA,NA,0.1455376564907,0.179705873634555,0.674756469874733
"camelses_3169",0.080638203769813,0.209252479859968,0.603147228533035,0.0636080033353943,0.0432143359930245,0.8923803795483,0.0804074146391906,0.135087235350187,0.784505350010659
"camelses_3174",0.275718429312493,0.160044535630084,0.48959150023045,NA,NA,NA,0.256172922391197,0.212256795294125,0.531570282314667
"camelses_3175",0.166195380446659,0.327314829606207,0.365560538123119,0.14683423997279,0.08575485719105,0.76203271150448,0.143269699742044,0.327403924850288,0.529326375407683
"camelses_3180",0.268862558353358,0.16045628738354,0.462500902596068,NA,NA,NA,0.266711653598076,0.28582666251698,0.447461683884934
"camelses_3182",0.0953166242171567,0.266536555134488,0.495648697638323,0.11215975832635,0.0617437999319759,0.842042952010858,0.125833650382163,0.235236666413347,0.638929683204487
"camelses_3184",0.166038401504863,0.1777074883809,0.566907024605917,0.127075060093446,0.0611079472871055,0.803568386544481,0.145406086432359,0.191505242225625,0.66308867134216
"camelses_3186",0.101942901780119,0.343128689486395,0.455127442920404,0.0964835163524934,0.15758968263875,0.719148115995009,0.0949952925119768,0.312480141185491,0.592524566302536
"camelses_3193",0.139510839603817,0.301284941463916,0.46088501957816,0.138108026323942,0.0997464552463805,0.739225826047823,0.132405788300891,0.290161733706149,0.577432477993009
"camelses_3198",0.132004839729832,0.196086203173912,0.590313501915866,0.110765125020803,0.0730227726631551,0.801971123107058,0.114442741587359,0.188164839610563,0.697392418802226
"camelses_3200",0.147218632033969,0.242232130435935,0.488329386390498,0.139230866879825,0.0961703495504554,0.740848693196046,0.147914459432071,0.276139110336931,0.575946430231004
"camelses_3211",0.0797056095915831,0.212863166241319,0.630074145765843,0.0671193030915703,0.0356194591265581,0.892788410861902,0.0690858143735523,0.109140318997804,0.821773866628647
"camelses_3212",0.0904601724692311,0.215707692630016,0.575597840889199,0.0853801756579425,0.0535839768463837,0.857062622137648,0.0933862064955328,0.163923089167465,0.742690704337224
"camelses_3213",0.0729011465921395,0.237505068641095,0.600564192040966,0.0629244978462409,0.033905114144417,0.899681287095161,0.0606172721068529,0.127875557334351,0.811507170558801
"camelses_3217",0.0523617409895203,0.219803262726862,0.5392388232509,0.084203831431651,0.0636472980384707,0.839360816474769,0.0861445931871412,0.146663446392518,0.767191960420336
"camelses_3218",0.121533191990932,0.207357997069198,0.550290225946569,0.112224591981805,0.0468141126700444,0.834874438196642,0.123172726008272,0.162897206053379,0.713930067938384
"camelses_3220",0.0919872405837985,0.237157622479676,0.552490718531186,0.0890181110961165,0.0586699478683328,0.845174710157032,0.090969777947658,0.219011251078902,0.69001897097349
"camelses_3221",0.113553834292053,0.246211829256109,0.494665188797308,0.118699224470501,0.0812339152924748,0.814003434402509,0.128913774058372,0.231130357834709,0.639955868106934
"camelses_3222",0.0966544265706071,0.279811960935541,0.524398095697266,0.0871692946876582,0.070885184209982,0.839434080712597,0.0848384008397493,0.186716613763401,0.728444985396855
"camelses_3231",0.116279970242031,0.222823754367972,0.568701217483025,0.109351715951382,0.0403152287130141,0.852858309138975,0.108701960493217,0.175629723622443,0.715668315884344
"camelses_3234",0.124253974668273,0.22201430937534,0.532524812207001,0.14096475677817,0.0656258840507868,0.801196268956311,0.136037395214842,0.20171639692795,0.662246207857208
"camelses_3235",0.118298233084359,0.152947572327016,0.62773135370951,0.0964392258454494,0.0359733679574743,0.874628297148527,0.113567195837086,0.111949095348238,0.774483708814671
"camelses_3242",0.164520078761145,0.113139497632498,0.614608480730946,0.122283851915642,0.0403871675756081,0.836660552318445,0.166031564429007,0.10494731050726,0.729021125063722
"camelses_3244",0.107726159662813,0.270683569186449,0.509451018052291,0.0976866974858238,0.0755758578897292,0.816424222183567,0.0956729236894131,0.235138915356297,0.669188160954294
"camelses_3246",0.102170863258716,0.216419891948496,0.582046140036511,0.0889107576109432,0.0462616788001612,0.859552618222253,0.105387164263273,0.15117846796886,0.743434367767884
"camelses_3250",0.0958445657475527,0.246528023265499,0.52615540316699,0.0487062811759101,0.0487126667699506,0.897274300255042,0.0992890929236338,0.220686671702744,0.680024235373624
"camelses_3253",NA,NA,NA,NA,NA,NA,NA,NA,NA
"camelses_3256",0.114624511585885,0.179757594860626,0.599859177415895,0.0950976223736949,0.0371223684909658,0.865007893029379,0.109457403784148,0.141275132722582,0.749267463493421
"camelses_3261",0.089472740420803,0.202225944740385,0.575025714487209,0.0807533814911558,0.0388779150866736,0.87662152600394,0.0978468185631408,0.150639620022215,0.751513561414657
"camelses_3268",0.150462222275788,0.330966384691,0.392223391083613,0.14732766260815,0.136245814963337,0.688412464744907,0.149102371189835,0.372735050930829,0.478162577879341
"camelses_3269",NA,NA,NA,0.20904903701601,0.132486993184305,0.61278862884066,NA,NA,NA
"camelses_3276",0.0737962320014543,0.226588623455205,0.574439307833326,0.0717179362967047,0.0366901637386288,0.888879959594446,0.0765796021058601,0.162844728869047,0.760575669024866
"camelses_3278",0.0826815153055483,0.240175275098823,0.55066058395633,0.0679525521582195,0.0431843250374771,0.885061490281638,0.0841474402582338,0.189669269467749,0.726183290274026
"camelses_3279",0.0780709248857752,0.246859705085336,0.543177388372547,0.0797686484377636,0.0683522894422646,0.84947930205693,0.0846424554604299,0.229915244426678,0.685442300112891
"camelses_4255",NA,NA,NA,0.0926290637984584,0.0846671561299988,0.78904344959504,NA,NA,NA
"camelses_5045",NA,NA,NA,0.136603535983105,0.207673452592024,0.599535732310065,NA,NA,NA
"camelses_5050",NA,NA,NA,0.240147027527806,0.140920058443153,0.624472882784104,NA,NA,NA
"camelses_5056",NA,NA,NA,0.128296617626206,0.0409632350944459,0.839933163736434,NA,NA,NA
"camelses_5083",NA,NA,NA,NA,NA,NA,NA,NA,NA
"camelses_5107",NA,NA,NA,NA,NA,NA,NA,NA,NA
"camelses_5123",NA,NA,NA,0.0858807380234786,0.0308062421576242,0.848085452034435,NA,NA,NA
"camelses_5136",NA,NA,NA,NA,NA,NA,NA,NA,NA
"camelses_5138",NA,NA,NA,0.0860755836308451,0.100600286639763,0.824823781900478,NA,NA,NA
"camelses_5141",NA,NA,NA,0.111552345847221,0.0477279165804334,0.820853420762913,NA,NA,NA
"camelses_5142",NA,NA,NA,0.0980121255030279,0.0490607066104979,0.848098436558247,NA,NA,NA
"camelses_5145",NA,NA,NA,0.0971846430865562,0.0863546373301048,0.840758507223091,NA,NA,NA
"camelses_8018",0.189851286089428,0.414272575511654,0.291823758188182,0.18686174988731,0.253939796744171,0.515570196782108,0.189472587205572,0.428929465075309,0.381597947719123
"camelses_8028",0.0400997384451954,0.304005746372811,0.523697074882165,0.0412414395172672,0.0984286729999135,0.840044664219298,0.0425633940411361,0.233047119935823,0.724389486023046
"camelses_8029",0.0539765503624017,0.230684529571534,0.638645946582181,0.0445940932227455,0.0325173095592738,0.907391074466707,0.0460884967245627,0.0680628077845903,0.885848695491366
"camelses_8060",0.105532812798285,0.20375306358215,0.608936393685144,0.0896850951437276,0.0340567824521768,0.850920592934891,0.0890532663554324,0.0996478335582987,0.811298900086226
"camelses_8087",0.0946799094451257,0.570265136191721,0.223281349233921,0.126710810434958,0.277957635110508,0.533961118207446,0.103902044707293,0.608301019830496,0.287796935462215
"camelses_8090",0.105400764285651,0.318709554730962,0.453750107354152,0.105086574749123,0.136956450041786,0.72388468538162,0.11185965589519,0.308638263852968,0.579502080251841
"camelses_8091",0.137708319864483,0.249482394610264,0.455011222872744,0.140210027004432,0.100578021023976,0.7422538174171,0.153891122363453,0.269016734470948,0.5770921431656
"camelses_8103",0.215214547930885,0.363461775140048,0.308999150530716,0.194436766833065,0.244286641142553,0.49749164918189,0.210501359576483,0.440248109978387,0.349250530445265
"camelses_8104",0.122692623084514,0.413724526522962,0.32107882741012,0.0970707423632108,0.251400039169378,0.585855755336652,0.12848104327082,0.452733382063398,0.418785574665781
"camelses_8118",0.146734193969268,0.310754190697994,0.414856841107805,0.138100337892887,0.154693509277888,0.663208381967983,0.13660762956977,0.303116674530172,0.560275695900059
"camelses_8120",NA,NA,NA,0.0957590757545494,0.290447751319648,0.558824339325726,NA,NA,NA
"camelses_8126",0.201571600688768,0.194002988845523,0.484187209907275,0.180347134312395,0.0728182220073232,0.72810377747221,0.209742082395852,0.217516561891239,0.572741355712725
"camelses_8134",0.0900454019854886,0.273581060260625,0.50668430382546,0.0871323140322593,0.0917935751562216,0.797680188926196,0.0974836210121786,0.215952119689767,0.686564259298038
"camelses_8149",0.189548486686448,0.335618531801473,0.317665480133958,0.20404606010709,0.226841487931684,0.498515935428967,0.22265031537557,0.419062444194764,0.358287240429648
"camelses_9002",0.306354763512754,0.20656143461705,0.393897494249657,0.253409200037447,0.0571627802234776,0.678649704410641,0.291910389706456,0.226302164108463,0.481787446185069
"camelses_9003",0.370460716092416,0.170131029416811,0.413218624548099,0.230777315658506,0.0478636738359005,0.709139257631801,0.313645184936496,0.18399530964213,0.502359505421373
"camelses_9004",0.215942106347039,0.197889893313718,0.492255304274877,0.187622520192905,0.0392400888836922,0.761077930804871,0.208593632795952,0.14108653016331,0.65031983704076
"camelses_9011",0.264589095036696,0.23708551723278,0.405654984699592,0.257520892220904,0.0634477661306302,0.660722241593446,0.248128980993481,0.243602913906154,0.508268105100369
"camelses_9020",NA,NA,NA,0.632000269446652,0.0632334783427876,0.31011280034725,NA,NA,NA
"camelses_9021",NA,NA,NA,0.411077441481078,0.113135538595816,0.441994673321163,NA,NA,NA
"camelses_9023",0.281081222003958,0.292005855839103,0.358536782507348,0.310254447953723,0.124605173947674,0.542462879594108,0.263563443581384,0.316286810335986,0.420149746082629
"camelses_9030",0.175272966833601,0.305362570873567,0.381596352477147,0.197669113352412,0.0903917677678914,0.681744851683328,0.181557848649135,0.315294755925552,0.50314739542531
"camelses_9033",0.091611175249425,0.249000994689411,0.563308756652687,0.0830821022959619,0.0432192604394822,0.866524555816104,0.0845889325806644,0.156679583728768,0.758731483690135
"camelses_9038",0.220114454242119,0.282680490919132,0.400014003311848,0.209964398406214,0.1030890982653,0.663738183754155,0.208285969838661,0.301234410720283,0.49047961944114
"camelses_9040",0.240754833376511,0.181221312266355,0.489141457809709,0.172880911588869,0.0781654478408891,0.684176423587091,0.229371330616394,0.180246320869948,0.590382348513657
"camelses_9041",0.0630055761728614,0.316138453011465,0.479698559317454,0.0662803503491711,0.0923700729823348,0.827839638713316,0.0679874805549331,0.213532394150885,0.718480125294187
"camelses_9044",0.237583096046601,0.20249394947956,0.461815777280329,0.211138034282191,0.0659232829610022,0.696182601635165,0.254853654240967,0.207720276850845,0.53742606890818
"camelses_9051",NA,NA,NA,NA,NA,NA,NA,NA,NA
"camelses_9061",0.206537850838709,0.207759741492965,0.488969389354117,0.20420812183584,0.0395159849953734,0.744943293840842,0.202281465934693,0.143383240367932,0.654335293697379
"camelses_9062",0.266198830568735,0.128109576000337,0.525837149875258,0.166398926702657,0.0387663558200754,0.782255617123745,0.250916582458202,0.126707544659404,0.622375872882394
"camelses_9063",0.179862575084852,0.206068389416435,0.522220135614544,0.177708446035547,0.0355263828834681,0.779217808425803,0.171782996752484,0.136057634032292,0.692159369215228
"camelses_9064",0.212320520533348,0.16626413181802,0.536108792229512,0.160032825023915,0.0301201989196684,0.801596184223118,0.204007868675118,0.100256247281643,0.695735884043241
"camelses_9067",0.240617472663823,0.119995310594161,0.559760994508464,0.141832717551007,0.0164948309075939,0.839777955058384,0.234812420282582,0.0798549311980354,0.685332648519383
"camelses_9068",0.280585333367635,0.108520697317299,0.546735071694301,0.24284532515398,0.0236764988331281,0.728144231852232,0.248513053080551,0.073443284790828,0.678043662128622
"camelses_9069",0.235142483035145,0.147570981912595,0.535557755835958,0.200934230440584,0.0333980363202277,0.758944126266888,0.221237915089338,0.107508009614728,0.671254075295938
"camelses_9070",NA,NA,NA,NA,NA,NA,NA,NA,NA
"camelses_9071",0.291723499112509,0.187518049784888,0.442804604627934,0.227247801699936,0.0531730442756771,0.715460836874947,0.269845113694425,0.182141155549637,0.548013730755955
"camelses_9073",0.106515035231277,0.254444950219014,0.531578157578808,0.0982158469943317,0.0675700357346393,0.810502280915508,0.105027675662866,0.224150099515325,0.670822224821809
"camelses_9074",0.249109388262874,0.185652671387626,0.474712312632085,0.198360563088436,0.0419877037074237,0.756095338187736,0.233364771530175,0.169824944280057,0.596810284189768
"camelses_9075",0.326822444278803,0.180124568321421,0.399874463148151,0.307657571368145,0.0645187155981673,0.613653022403465,0.322288328030226,0.195199010770943,0.482512661198806
"camelses_9079",NA,NA,NA,0.169413142188105,0.0289912654668875,0.79222385568301,NA,NA,NA
"camelses_9088",0.121637810149217,0.293295349922561,0.417069209077684,0.142739580163793,0.146317480737261,0.658781131690314,0.138580293566909,0.322467032859075,0.538952673574097
"camelses_9089",NA,NA,NA,0.107740870652658,0.100718849682118,0.771373927916055,NA,NA,NA
"camelses_9092",0.253851361557115,0.142382940114126,0.511497695600929,0.204064913070589,0.0249503999849994,0.768043427047811,0.24138573768701,0.134183479591621,0.624430782721418
"camelses_9093",0.228348144278734,0.255536741910582,0.40259968815739,0.204383105029421,0.0781266586567573,0.692917953879418,0.222803478107278,0.303767538172024,0.473428983720703
"camelses_9095",NA,NA,NA,0.0633851795114446,0.104049936661644,0.805687856976768,NA,NA,NA
"camelses_9120",0.212084063717211,0.14793691011564,0.529887262893979,0.222318156232126,0.0419822064250776,0.727266068531345,0.201337863137475,0.159970920948455,0.638691215914069
"camelses_9139",NA,NA,NA,0.109421724498698,0.0842415126476573,0.816952820712679,NA,NA,NA
"camelses_9158",0.229707445665864,0.248968930640938,0.402352022512533,0.227143591698252,0.0969404582628107,0.673373149612263,0.230452677057017,0.296824374102477,0.472722948840503
"camelses_9159",NA,NA,NA,0.187044077525643,0.037959372079512,0.762233337292984,NA,NA,NA
"camelses_9165",0.167166833774707,0.198930741538879,0.54392769413673,0.165162051810728,0.0232390786768832,0.81080231243033,0.158151821848053,0.108010539858575,0.733837638293376
"camelses_9166",0.248115588144249,0.16970448220327,0.489697941699605,0.243326906074504,0.0331716154043309,0.717963019289882,0.241379652867404,0.130966532772829,0.627653814359837
"camelses_9170",0.179877944826889,0.207187300046206,0.498857412782084,0.176386686852415,0.051064386124074,0.747209647009516,0.17791083761249,0.163613864327636,0.65847529805985
"camelses_9177",0.0835501966849869,0.145696461615852,0.707558319279426,0.0454604788414495,0.0201462945386276,0.925634954970581,0.084342965240342,0.0575435630573393,0.858113471702317
"camelses_9184",0.117137893948169,0.290740254801445,0.478869293447351,0.104249323125531,0.0997662025525066,0.771734707982626,0.110851265503832,0.250100033540084,0.639048700956081
"camelses_9187",0.123421958999297,0.237850203005649,0.563591988393638,0.0899569657912699,0.0703498530311766,0.814107256510492,0.114843600489686,0.203926587472292,0.681229812037996
"camelses_9188",0.248555336037759,0.144761076567348,0.517776041328165,0.208042408958991,0.0593896587414858,0.728683377323832,0.246363330656334,0.148621360989274,0.605015308354384
"camelses_9189",0.213678857848632,0.274016967963694,0.408284859282442,0.211435157510413,0.104664595293602,0.661548524956055,0.203873244988166,0.295872154259066,0.500254600752772
"camelses_9197",0.19590275279625,0.232107943662405,0.470700925316041,0.200585447815875,0.0795013061220097,0.698715827056983,0.188447612795994,0.214958423311229,0.596593963892776
"camelses_9203",NA,NA,NA,0.283857418021726,0.0282021919645241,0.674999361491651,NA,NA,NA
"camelses_9215",0.111553780646786,0.338121045659356,0.415193070421282,0.114701621500093,0.135456784238999,0.70961045841538,0.116958175098059,0.310519378917746,0.572522445984526
"camelses_9252",0.574132723043048,0.139260456197981,0.238919345667965,0.565658115235824,0.0547207259321282,0.375622677190002,0.564405069003484,0.157476547397358,0.27811838359916
"camelses_9254",NA,NA,NA,0.215126464185746,0.0283984557831176,0.762552483075178,NA,NA,NA
"camelses_9256",0.509398567107512,0.155701506163801,0.270376862178308,0.404788896255424,0.0978477441010609,0.480656242655985,0.503144737597222,0.195351685765481,0.301503576637312
"camelses_9261",0.0860667748899754,0.279156625989597,0.512578656973037,0.0771726848014147,0.0984665795510101,0.81483911623298,0.0891079813391589,0.235510444943644,0.675381573716751
"camelses_9263",NA,NA,NA,NA,NA,NA,NA,NA,NA
"camelses_9265",0.330569098416823,0.162833207789611,0.432830411558691,0.276352168534577,0.063666509824046,0.648316460183958,0.320865610372916,0.192847256884796,0.486287132742278
"camelses_9270",NA,NA,NA,NA,NA,NA,NA,NA,NA
"camelses_9271",0.208619160397277,0.211143590401047,0.498802945989453,0.149602577949786,0.0703684026628703,0.768412327676513,0.204993465765752,0.211841133780044,0.583165400454212
"camelses_9279",NA,NA,NA,0.246422620855153,0.0610078073364499,0.665290391552687,NA,NA,NA
"camelses_9281",0.333884422442591,0.194544627383684,0.396239898816247,0.32452027174648,0.0766898136739653,0.572510883033888,0.329553017795675,0.265565821591866,0.404881160612576
"camelses_9282",0.143931092315933,0.210216739807331,0.550261810260921,0.135276759811816,0.0695753711210825,0.776608945448756,0.133596382255121,0.158139704282591,0.708263913462283
"camelses_9283",0.22226837744949,0.167058183651745,0.510484872107495,0.221253653598796,0.0304144223262872,0.745563051263873,0.219449437626404,0.122108947769161,0.658441614604572
"camelses_9284",NA,NA,NA,0.271568676909829,0.0641072835153359,0.6077621249036,NA,NA,NA
"camelses_9287",NA,NA,NA,NA,NA,NA,NA,NA,NA
"camelses_9291",0.0693380520428228,0.162466088389999,0.741982334817068,0.0752718313633201,0.00707145341265746,0.916986880079078,0.0667869344053138,0.0275063150264632,0.905706750568223
"camelses_9317",NA,NA,NA,NA,NA,NA,NA,NA,NA
"camelses_9321",0.162359903647926,0.147588665709184,0.579108443665446,0.146147369701091,0.0174384557126818,0.835566140116284,0.16173757219444,0.0639591356573795,0.774303292148178
"camelses_9322",0.188862117725763,0.168624570603841,0.557602594299675,0.15943067583737,0.0195871963526054,0.817827290131214,0.180903933030266,0.0698305597163352,0.749265507253438
"camelses_9323",NA,NA,NA,NA,NA,NA,NA,NA,NA
"camelses_9324",0.229452797865531,0.178502276862475,0.510640729203038,0.210588204668151,0.0357086067014859,0.741750363658727,0.220315515855488,0.119235040461828,0.660449443682726
"camelses_9327",0.129853751470216,0.215938737757676,0.555405926621117,0.109238396500385,0.0438031207368914,0.832835510713951,0.116694269354362,0.153491436378003,0.729814294267636
"camelses_9328",0.255628595416537,0.205179442728316,0.471522547433959,0.23069272258916,0.0501009777389186,0.708422529757539,0.230128945713059,0.160313127025943,0.609557927260995
