"station_id","varSeas_stl","varInterannual_stl","varRem_stl","varSeas_clas","varInterannual_clas","varRem_clas","varSeas_fourier","varInterannual_fourier","varRem_fourier"
"912101A",0.0775057230315649,0.157467981391338,0.663644866981865,0.0615320024045788,0.0312811604528237,0.897480820210217,0.0889331745389523,0.0877268023676067,0.823340023093392
"912105A",0.099444622072982,0.228697113318751,0.600498903508127,0.085943437944197,0.0402242537807727,0.872404151501931,0.0902658061067118,0.158511552419879,0.75122264147341
"915011A",NA,NA,NA,0.117937127411839,0.0400616094119155,0.845252969971879,NA,NA,NA
"915206A",0.0840528945137515,0.167855767918531,0.652159371254685,0.0524947362438885,0.0127580709682637,0.934204158670217,0.0797687198495065,0.077436043076633,0.84279523707386
"917107A",0.115117503356262,0.243719219501425,0.538192249272431,0.0940802992385284,0.0699500012024292,0.822772842979953,0.105185402356344,0.256091227994335,0.638723369649292
"919003A",0.188858278169352,0.242356153646734,0.491815866363495,0.156605361343263,0.04142640728499,0.794912519905453,0.172181704155397,0.177695192269347,0.650123103575175
"919005A",0.136841302074952,0.216410809222851,0.563774442021473,0.108994549085823,0.0285214685890555,0.85802788903924,0.127643824490233,0.119444319703656,0.752911855806109
"919201A",0.179156761325834,0.22818444267602,0.518039674665471,0.133556704606447,0.032333686068196,0.827610738545456,0.16397044629752,0.163217993494116,0.672811560208369
"919309A",0.264318651448579,0.228312507051812,0.448210966376691,0.202998296186804,0.0581174242931344,0.728529410705283,0.247812292257366,0.216957362717005,0.535230345025861
"922101B",NA,NA,NA,0.246879707834748,0.0205657686263033,0.728689308921492,NA,NA,NA
"925001A",0.389569554145855,0.196593701485166,0.338656454803903,0.397415319205751,0.047459454509732,0.551694054694182,0.39436864649794,0.173019565647678,0.432611787854373
"926002A",0.435279345995616,0.212107450265801,0.284193829327226,0.415186546467662,0.0789147867590089,0.489587804619685,0.416559959669442,0.218552337549717,0.364887702780799
"G9030001",NA,NA,NA,0.102058328189975,0.046442483126337,0.847185629355512,NA,NA,NA
"G9030124",0.0915626697444439,0.167350202557762,0.636784875731247,0.0688429519026574,0.0169728028090159,0.911501146888719,0.0945821984382028,0.0675654224372786,0.837852379124567
"G9030250",NA,NA,NA,0.267510133296978,0.0677676805319129,0.666210160492373,NA,NA,NA
"G9070142",NA,NA,NA,0.0900381634985002,0.0384729677821147,0.874768918593307,NA,NA,NA
"003303A",0.032575477163558,0.194098454481026,0.637793917445085,0.0243106445280843,0.0236415009348493,0.953447375809501,0.0388593226864094,0.0610467397701994,0.900093937543508
"A0020101",0.0915983697641583,0.271778552779287,0.500289288816797,0.0946910406801793,0.0849471374829484,0.821021967106578,0.103663094452209,0.27954756400593,0.616789341541649
"A0030501",0.0297993626889272,0.329882606992923,0.463819608014511,0.03577896140709,0.111947970157319,0.847574849546279,0.0363581304088331,0.417556381823854,0.546085487767311
"G0010005",0.101883266351894,0.143512631838424,0.649743842043431,0.0410065028193123,0.044476348717663,0.917072955571766,0.0897259015113449,0.0637392966445646,0.846534801844177
"G0050115",0.0259546614188452,0.25310943294632,0.613092778629031,0.0217444938903858,0.0552994444782085,0.91574306140697,0.0262369426827356,0.0902716490331873,0.883491408284086
"G0060005",0.040941645004562,0.234061071195605,0.621147845456875,0.0316180207131852,0.0515272688936126,0.904940490839285,0.0468483761478385,0.11947388515903,0.833677738693153
"401009",0.165422958875037,0.285216119752897,0.470454740779802,0.164899279262287,0.132773340509701,0.675556957118194,0.159194356709107,0.277404049449245,0.563401593841534
"401012",0.249120374426325,0.258396386236539,0.381067741240116,0.328423617510536,0.136580680333517,0.516462094713508,0.263561592438258,0.287486845945376,0.448951561616527
"401013",0.155472410045586,0.240833134694168,0.488612359149372,0.136139275505119,0.0784630779859883,0.768172817586986,0.164655229672847,0.177505371618914,0.657839398708239
"401015",0.0571851551179544,0.209422879145326,0.609245420268192,0.0498226383465413,0.0401881867953934,0.895559631342238,0.0591714385038559,0.115339919780601,0.825488641715541
"401016",0.131727469966619,0.280325943518345,0.437792936470343,0.199608653531067,0.175520203449106,0.601024021520203,0.1590348990484,0.314471112636847,0.526493988314751
"401017",0.19619816306405,0.20340135814523,0.472072285822926,0.173071187156031,0.0718721431536321,0.739822356140088,0.206244113618681,0.139657603711925,0.654098282669395
"401203",0.277786977974177,0.249914407399628,0.383339962008386,0.284574791005583,0.0930853879071565,0.594906173990749,0.275968677922689,0.209748013912769,0.514283308164485
"401208",0.167794989488417,0.311441333876941,0.424744850353091,0.140902594478337,0.120510757263418,0.712581826635412,0.162175539918336,0.25382789821852,0.583996561863166
"401210",0.260858791938935,0.308649654689536,0.325563464915006,0.257665046109932,0.153404954475758,0.545051796747723,0.261344402621643,0.340479598903634,0.398175998474728
"401212",0.297191838867719,0.299927933201284,0.301592377493673,0.297665173512464,0.147087392129595,0.508532742274172,0.294297906085046,0.332443418809455,0.373258675105501
"401215",0.142148577162281,0.291287919070978,0.460773755206345,0.143284656245794,0.119802978163121,0.7046090464727,0.140573960791067,0.253809462016685,0.605616577192302
"401216",0.342537692227,0.245803500994845,0.337006437855784,0.331389373620332,0.098583972865747,0.542574258521313,0.335858477309831,0.2216501517335,0.442491370956678
"401217",0.28109594355239,0.274860492216509,0.357019305323882,0.276769535531438,0.127605393643019,0.556602458766377,0.266101773269847,0.297700763145935,0.436197463584093
"401220",0.219123898944941,0.29151223074804,0.374551707589784,0.219080954830396,0.11681213031745,0.639382835413724,0.221505255912467,0.315851988151749,0.462642755935783
"402204",0.143156564252466,0.280010603354961,0.473947885592717,0.127439092038603,0.0916568522041163,0.757296406457315,0.137536955119614,0.218013113012448,0.644449931867903
"402206",0.232385532313962,0.317287048378862,0.320170045828452,0.259711114989609,0.13696990510396,0.576735693107486,0.248105356982823,0.388236679205752,0.363657963811399
"402213",0.164598825006108,0.232768748064337,0.511038008591682,0.126989183151917,0.0751756586728304,0.780992938141799,0.153628816440251,0.161444275366469,0.684926908193301
"402217",0.137496157408986,0.264267365729165,0.488266274107597,0.137604320394418,0.0826484126362272,0.757940290729284,0.137130371623708,0.185337879218347,0.677531749157951
"403200",0.301536180431121,0.278900056462101,0.328732876842503,0.292126776829397,0.141072510543309,0.541749406295648,0.292663979576726,0.304580626940658,0.402755393482618
"403205",0.341353208640619,0.212332079250363,0.337731539983131,0.282002013746204,0.132730152039274,0.547793163001237,0.349442879970516,0.249311782246252,0.401245337783206
"403213",0.171631571793764,0.252694010149075,0.459143215156885,0.170204096553536,0.0953184497449512,0.699769367485904,0.169559705435712,0.218176526354832,0.612263768209553
"403214",0.192589722394308,0.279321575590908,0.416810632676672,0.195522531979151,0.102490506882026,0.673192024430758,0.192525998234435,0.270612133975506,0.536861867790172
"403217",0.215760443079252,0.25104840893783,0.430592651613008,0.212297285813048,0.0808069946388862,0.681070012511974,0.212851697116115,0.218030607276522,0.569117695607401
"403221",0.11192831658136,0.254348417441203,0.51742610795254,0.109351478579459,0.0651484374203445,0.806275790138331,0.112803563562893,0.175960025584924,0.711236410852184
"403222",0.281071605844933,0.24733976210985,0.369753365326448,0.280095286809924,0.0903213232827594,0.595478690229807,0.281145421895921,0.250415952861362,0.4684386252427
"403223",0.196810047275904,0.248178107139736,0.436501706126256,0.206901222728774,0.0759465533192159,0.683395901249411,0.201072582698616,0.215740421496288,0.583186995805112
"403224",0.129764420448583,0.259717227713542,0.491393147446007,0.136259406544969,0.0684750266706521,0.778552093641561,0.132839875817806,0.210416611194774,0.656743512987423
"403226",0.246332699194923,0.251148074970639,0.393808385044506,0.195311760104097,0.10455097587111,0.665523561818163,0.240084254756384,0.252822984169684,0.507092761073934
"403230",0.281392313640355,0.241381561563341,0.358995286861472,0.273658167580633,0.0919491926944728,0.591495320059063,0.294176699303868,0.272533371294873,0.433289929401257
"403232",0.198777632518816,0.275443087764083,0.428514600661918,0.224202215856524,0.0954607373224983,0.646508154262549,0.192136344369265,0.270707760393716,0.537155895237015
"403233",0.237879217790763,0.25891366123176,0.391827597681966,0.256328249909473,0.0973431681136009,0.62535486359357,0.247822966181977,0.24569875670717,0.506478277110697
"404204",0.0384726766241622,0.250279794147129,0.595907821564948,0.0374643776517339,0.049234809429496,0.90284378408496,0.0362085685985041,0.141796124097395,0.821995307304528
"404207",0.116631635692235,0.253727443596124,0.507982030654353,0.118198621423069,0.0717028728377792,0.790592448890047,0.118798729067474,0.17145741680096,0.709743854131638
"405205",0.251180684521355,0.344486552079822,0.315529533067474,0.240573968954496,0.222607838850137,0.509169528685158,0.247375951545937,0.373022513261067,0.379601535192998
"405209",0.355893773149698,0.258253567287648,0.280455280605585,0.385505473657736,0.120581933136897,0.454192282519321,0.370002157078861,0.296498073459579,0.333499769461558
"405212",0.0586965911267531,0.234582171439431,0.606232908954269,0.051831535812777,0.0314076556130921,0.90848302470436,0.0570933511008841,0.108725259472161,0.834181389426953
"405214",0.198330246209467,0.243186024287657,0.461512365138628,0.206442903567033,0.0657140889898196,0.706773137337061,0.19601364192875,0.18300930497521,0.620977053096194
"405215",0.321174684092178,0.21730216202744,0.346630547130511,0.338890094552999,0.075167395952932,0.560873348104585,0.336797462234229,0.228653969216887,0.434548568548886
"405217",0.186494318657492,0.278129929462295,0.433822607660608,0.183773634603143,0.107695707638867,0.684737914197164,0.189040736569952,0.270621002554377,0.54033826087567
"405218",0.352972277564178,0.19182047005458,0.384425223420506,0.327864121824445,0.054090844638732,0.596755331273838,0.337889208686986,0.187058223505132,0.475052567807881
"405219",0.3540474966336,0.198924065187885,0.358787119038952,0.359531208390046,0.0618406903167364,0.554809941022683,0.352837363397861,0.200663288955249,0.446499347646893
"405226",0.0943538311518431,0.26433239567769,0.52235977979511,0.0914145353936263,0.0609524540408868,0.832818454922108,0.0945235675406993,0.229138529915939,0.67633790254335
"405227",0.377532747900668,0.205875386575616,0.340057807163427,0.373489585013993,0.0740889254898849,0.531734222623814,0.371955302364271,0.212178905747291,0.415865791888422
"405228",0.135067327481951,0.246494101296194,0.519304810717441,0.133130225696368,0.0573554769169394,0.800883600427394,0.131243456678346,0.166329946734069,0.702426596587559
"405229",0.03799422819898,0.229656275791777,0.644636315590037,0.0226574922639798,0.0244493227484905,0.950201869976133,0.0326804541885678,0.0626829864204589,0.90463655939098
"405230",0.0289446425709448,0.218933268173226,0.63328370255685,0.0304043023987722,0.0291047600894709,0.940497780326932,0.0338820342212367,0.0839861244313932,0.88213184134781
"405231",0.214529628592716,0.216042187910742,0.477822143647003,0.146645493616924,0.120591758519178,0.709616191201069,0.212364111849489,0.202602631335428,0.585033256815089
"405234",0.174194049320296,0.240361046441498,0.506201897909256,0.200094118849005,0.0739101845376929,0.715252375963369,0.171861239857124,0.19267724411274,0.635461516030143
"405237",0.172446420416389,0.216831851770998,0.493521997647025,0.152177654296724,0.058583437392709,0.771153465638167,0.178001624144809,0.173106149858333,0.648892225996787
"405238",0.0933948624211896,0.25598229353951,0.541532209240969,0.0838357255014476,0.0519412659424639,0.850447875022114,0.0941787361908627,0.157549855481235,0.748271408327914
"405240",0.0513561122031772,0.230259827132761,0.599898640573559,0.0588937772210682,0.0383860692801438,0.889796554606762,0.0536711195338556,0.12074331630551,0.825585564160626
"405241",0.382298668215672,0.24870684701825,0.278920573488929,0.388166315462147,0.11604320909596,0.459696425186352,0.390328630627066,0.262231524810122,0.347439844562815
"405245",0.0545444704413107,0.193958825729551,0.625231483431788,0.0596937528754239,0.0270452393452429,0.907009724078684,0.0601320295415923,0.0686972691377823,0.871170701320645
"405246",0.0787192124077088,0.220362980052584,0.548822561801436,0.087462091733762,0.0592900178023376,0.847987681742463,0.0985168658050331,0.206934295169887,0.694548839025082
"405248",0.0340385940847609,0.219711282097207,0.624234349364408,0.0347149381479524,0.0312932331124727,0.927720241367846,0.0370183410725197,0.104434210937929,0.858547447989549
"405251",0.0787135043602167,0.239196807964576,0.570619495133737,0.072203577898459,0.0454763496031993,0.87051030154047,0.0807322257678537,0.115507097959312,0.803760676273159
"405263",0.349311377223006,0.187498396454794,0.372247817319593,0.366945296557225,0.0559633121992401,0.570354445883769,0.359267175011841,0.186751088808743,0.453981736179413
"405264",0.412214417704692,0.188860069997289,0.30102767310213,0.431630032731444,0.074816980107513,0.476736951234993,0.431972449575722,0.224743951354963,0.343283599069325
"405274",0.0922325738857582,0.23119994675161,0.58114393699411,0.0867811403530541,0.032746348578341,0.873476006717772,0.0882776554842374,0.111421399112834,0.800300945402929
"406208",0.0679491510981561,0.246126682900758,0.575893572694076,0.0684288414518124,0.043160579133805,0.880157423589264,0.0683017063075307,0.115332498668232,0.816365795023162
"406213",0.0589064691471135,0.234422671106997,0.56336271219737,0.0868513246437163,0.0529303915842115,0.850710429734596,0.0695227494282195,0.134898490147944,0.795578760423839
"406214",0.0354820218850172,0.238331842971113,0.613349779787129,0.0376919714688999,0.0351425653760711,0.916570252802049,0.0381359795974004,0.103983584650174,0.857880435751798
"406224",0.0267276891389092,0.205121251657337,0.641647364514837,0.0296075402869656,0.0206851274027414,0.94733279598399,0.02959644965198,0.0708052497249269,0.899598300623518
"406226",0.132112862405136,0.193308065424955,0.579617939788168,0.0604788982641975,0.0424545727625082,0.88631078413875,0.124567027192831,0.11644203176812,0.758990941039049
"406235",0.100359149017685,0.209429870120297,0.573824297352594,0.0604299853174991,0.0377537099516159,0.887214676170627,0.104890239357218,0.117615253268926,0.777494507373859
"406250",0.210762132820943,0.244949470863419,0.444137405290902,0.186793379591537,0.0606413125362077,0.734326182281359,0.20104763729865,0.214545567665217,0.584406795036114
"407211",0.0562941501909198,0.136454483968961,0.705586788564015,0.0332866888911317,0.0193653542118816,0.941170128831451,0.0817700574212707,0.0297236811420493,0.888506261436748
"407213",0.0811321553225719,0.199029903579596,0.603318547700908,0.0456908927757483,0.0287436608130502,0.920380939322463,0.0892933701630433,0.101063955707554,0.809642674129394
"407214",0.0843950587992956,0.260100927165132,0.546210451150138,0.0843538206151465,0.0528785933323221,0.847795169522294,0.0838032664607984,0.159683671297678,0.756513062240463
"407215",0.123460942060829,0.188761583614516,0.575264298559729,0.0716089679538471,0.0356738157598791,0.88686178279311,0.129917365326323,0.121180008147998,0.748902626525677
"407217",0.117525663719724,0.240938729846871,0.533536029163676,0.10017893061755,0.0430134653195912,0.846098396166949,0.11537727732779,0.152472689016398,0.732150033655895
"407220",0.0325211604381271,0.209442147190876,0.620542368571543,0.0426547354828833,0.0264249465731776,0.928334724075347,0.0397433725776602,0.0696970816497502,0.890559545772577
"407221",0.132130478900693,0.207077338861988,0.557433598930424,0.102664944679873,0.0553161269780129,0.830721138516038,0.125809062070551,0.120594182033112,0.753596755896338
"407230",0.0474573737705617,0.234867612904084,0.601270968384207,0.0488216553515514,0.02693717904541,0.915357815333013,0.0486069302120646,0.0901001483694673,0.861292921418455
"407239",0.105590970542639,0.192815834239248,0.610716284857627,0.0602615509812021,0.0384388905737604,0.897138964760692,0.0935337493059945,0.095232017017173,0.811234233676763
"407246",0.0606961835904251,0.244140521996449,0.578899678558775,0.0546732352470675,0.0536906098340309,0.887871710367239,0.0677292516207748,0.152631526848004,0.779639221531223
"407253",0.0389643290937911,0.170368279316487,0.621599605964882,0.0329369577332438,0.0300852022239719,0.931486916408407,0.0509585679357835,0.0674687858732914,0.881572646190919
"408200",0.0347817675079445,0.238462909028084,0.609512641626148,0.031246259854881,0.0339001812943237,0.926663279188639,0.0345138120053277,0.0975988540049147,0.867887333989648
"408202",0.0590312460155767,0.231456921400753,0.585346447505682,0.0559951805731688,0.033983658490149,0.904406671602285,0.0629083361936119,0.100336856407287,0.836754807399144
"408206",0.041602960476443,0.230158944196351,0.627368529272422,0.0416778198553954,0.0307960786078282,0.920898889176161,0.0425916568758464,0.0781142821923964,0.87929406093172
"410024",0.146126954262044,0.310313217101545,0.420714803410356,0.13063236983195,0.123221079554416,0.711210242911045,0.147097151215376,0.285573852050349,0.567328996734241
"410026",0.035816843561096,0.231956167539019,0.614201089988303,0.0280713441672326,0.0291166942605103,0.937516253446265,0.0409519165845485,0.0962389295877894,0.862809153827672
"410033",0.063698086647676,0.290935850624974,0.530077818249214,0.0664943278152533,0.0828484017134013,0.830388667083802,0.0668871111292877,0.206225930722318,0.726886958148402
"410038",0.209178194097797,0.194208242100406,0.527020698943051,0.128778585768216,0.0734567535316114,0.779036340291962,0.190952143103541,0.139213880783337,0.669833976113125
"410044",0.118537551722901,0.213502589612997,0.598490594412212,0.0579169071307831,0.0558331308051022,0.884627582372596,0.103139998633481,0.134717373077768,0.762142628288746
"410047",0.14224162220368,0.28269621712499,0.485304021549699,0.124308731218534,0.0938162166917346,0.766856377593653,0.135111007732598,0.219603419910324,0.645285572357164
"410057",0.271173477387011,0.260551477971116,0.37479517299779,0.18851051681158,0.124871422799715,0.645188776346675,0.261990465793226,0.264333180373957,0.473676353832815
"410061",0.0629868938648311,0.276475351107977,0.560048020764234,0.0584067632648458,0.0828259683421251,0.842120836267211,0.0633174646718846,0.161387177690695,0.775295357637413
"410062",0.0254961900908046,0.232051001614062,0.635330647701761,0.0171336089760095,0.0355472579427971,0.946574675352714,0.0259029111605529,0.0900990369552642,0.883998051884181
"410088",0.114956200682967,0.281945991502345,0.489321259489802,0.116282572343504,0.077741351975912,0.784348139162563,0.11354022622813,0.199590010529793,0.686869763242075
"410091",0.175107064320106,0.170150578876214,0.551018246108765,0.0773014959169288,0.0616934557933073,0.843618010491233,0.175171842259048,0.147748589890095,0.677079567850857
"410141",0.025698474822383,0.225192753771987,0.636543832784354,0.0232650280973313,0.0376637184379744,0.934281650174835,0.027212259756814,0.0978482224122582,0.874939517830928
"410156",0.0980987568856124,0.222763490232014,0.567398124849795,0.0678274135731384,0.0485981492025971,0.872155301464526,0.099024475190145,0.128309848952535,0.772665675857318
"410705",0.0179214918319567,0.244261269594158,0.634547163907579,0.0160351103745069,0.0277632189412839,0.948778495048478,0.0177183045197119,0.0649511106354705,0.917330584844526
"410713",0.0463901146855796,0.227326494558216,0.610591047742538,0.0268117209370204,0.0424626815948132,0.916790804193458,0.0454894676374138,0.0883757358706674,0.86613479649191
"410730",0.124322445442472,0.31884443931843,0.435389048789148,0.121826689089209,0.143430196706162,0.694948285355669,0.134369069919901,0.317781287470545,0.547849642609657
"410731",0.0420350910716899,0.244710193285066,0.601475614107255,0.0229194536453778,0.0594399895323009,0.907157093299388,0.0440935402039446,0.120115035667993,0.835791424128051
"410734",0.0306304027582174,0.243501042218853,0.617330450954643,0.0175654538106159,0.0564323944565271,0.922862385810536,0.0303158327916634,0.106616389044544,0.863067778164215
"410761",0.0704774516852675,0.218583805776245,0.593563070721692,0.0255916944693626,0.0485238715861321,0.913781998112943,0.0681929258255077,0.142402370286039,0.789404703888453
"411003",0.0550935577408269,0.188162751045066,0.658079153900611,0.028809420973659,0.0203123048072095,0.955540237795431,0.0529788013634296,0.0489650225072056,0.898056176129336
"412028",0.0557219941642441,0.233260302610037,0.591416186642382,0.0501606389572722,0.062228824717861,0.878500605030069,0.0584590517866126,0.118129618014939,0.823411330198448
"412029",0.0465937288988838,0.250191657911164,0.605241938706819,0.0396198167824884,0.0547855548912833,0.891729036878263,0.0473159138572039,0.164632533274371,0.788051552868431
"412050",0.0957672903274455,0.188190219934489,0.576704908914378,0.070359364366295,0.0394549916303201,0.874867123727503,0.102392818913196,0.0949491191171943,0.802658061969582
"412066",0.0548068083811751,0.241201776645159,0.600676409289062,0.0406465176750942,0.0509219897961852,0.896679713796362,0.0523036315312682,0.110688487925674,0.837007880543065
"415201",0.0470318677633688,0.265355459588553,0.580120733727862,0.0464930492750462,0.0448346752206978,0.900779752107275,0.0460871256093812,0.118753861808524,0.835159012582067
"415206",0.0714603106991351,0.271947975825528,0.541529461830424,0.067755209247222,0.0499813989411074,0.873852240469563,0.0727567018352601,0.150100063072167,0.777143235092586
"415207",0.0801495616114895,0.259825811293228,0.549273217021888,0.0591077527470124,0.0405664120330506,0.891400545369725,0.0820764700240896,0.143206239563413,0.7747172904125
"415220",0.0505330193750098,0.215979364053205,0.631497679882234,0.0341019894599799,0.0337602191230605,0.922748440534398,0.0479281142767937,0.0942708278651261,0.857801057857839
"415223",0.171026382394698,0.338455329199646,0.349073877042129,0.158565550318318,0.126230811951068,0.698004554201621,0.178116705285887,0.337191642618878,0.484691652095237
"415226",0.0352468934970966,0.217777254170291,0.643529394883344,0.0306991251648077,0.027245958903737,0.938730948569964,0.0368350877681251,0.0630269990868939,0.900137913144976
"415237",0.0494938468197723,0.235277726811941,0.656218450316432,0.0395856948413171,0.0256456270688625,0.92937012688829,0.0448420904797097,0.0794766997817855,0.875681209738505
"415238",0.0715889908817006,0.193617562863354,0.62141906477938,0.0361811444778413,0.0296899721033796,0.932192757908488,0.0683011354703105,0.0558826506423059,0.875816213887656
"415245",0.0890764842755024,0.251069710230253,0.53687591979152,0.0787568971812295,0.0745477302111475,0.829534434719294,0.0909154696711587,0.169504705730407,0.739579824598581
"416003",0.0171427639695915,0.165878787087061,0.618197746701093,0.0224074266336613,0.0477238623067859,0.9322437174181,0.0315776441352312,0.0512779258728614,0.917144429991902
"416008",0.0365893292860575,0.19898355525935,0.625971928978126,0.0271112899014443,0.0215506945828692,0.95600330227547,0.0442372607022467,0.0802860956071043,0.875476643690612
"416010",0.0182100265003172,0.202687056281617,0.63450644121704,0.0228749152347183,0.0265730993955852,0.945908824595288,0.022647433058105,0.0702419037504472,0.907110663191543
"416016",0.0246755376492309,0.224592310728503,0.651494723139316,0.0224925021400743,0.0240670722655257,0.946538485039928,0.0246703478439795,0.0658689869624781,0.909460665193534
"416020",0.0409657930236584,0.199107849355425,0.645093596962397,0.027569192181231,0.0138869384494794,0.956819104687258,0.0421678610918745,0.043992765437235,0.913839373471027
"416023",0.0210772075131794,0.224348756349666,0.618738734907795,0.0231335230800795,0.0316222930956005,0.937089244388994,0.0236525432505448,0.0802659246160118,0.89608153213329
"416032",0.0269473762728076,0.225302417295608,0.617957998372563,0.0214551088809724,0.0381107794816121,0.931285143222496,0.0289099639728366,0.0947790824812228,0.876310953545834
"418005",0.0232319319226049,0.231019959422914,0.630596623148641,0.0237442495756001,0.0316618469180963,0.935636443945709,0.0245362750746689,0.0861669520120521,0.889296772913346
"418014",0.0305505845971507,0.209503501101645,0.615531938118562,0.028829783800801,0.0301670725461955,0.941569276091887,0.0368569799415718,0.0939544521651224,0.869188567893138
"418015",0.0410706889764006,0.189230446402899,0.6341842106318,0.0288168144215018,0.020548876634126,0.944949305904712,0.0466678098541576,0.068010931094296,0.885321259051691
"418017",0.0305195120494769,0.192547929359633,0.638919102204905,0.0304502436431292,0.0156825281287516,0.950453606871282,0.0348205283332583,0.0477279143383084,0.917451557328432
"418021",0.0349107955057504,0.21531735994906,0.610627212001399,0.0305742648607394,0.0375887758651575,0.920591057385673,0.0403002263731536,0.108301409096394,0.851398364530447
"418025",0.0350997283545355,0.19870745673956,0.638104204506997,0.02974476576812,0.0219642963788112,0.948690322275243,0.0410241306745458,0.0385094852105049,0.920466384114948
"418027",0.0353295283588269,0.207001127029594,0.635947282494413,0.026523365825801,0.0187376928070157,0.951295839791737,0.037129814406653,0.0690201954354924,0.893849990157833
"418032",0.04730378656153,0.187934755364803,0.623523389758108,0.0320263220480901,0.022611999253509,0.941160808392511,0.0554068154647554,0.0661838876558294,0.878409296879415
"419005",0.0373808157850512,0.247025375629022,0.585396802708645,0.0200442952510771,0.0629527213379121,0.902552757511513,0.0417415065984518,0.167248670382398,0.791009823019112
"419010",0.0360065676764112,0.252343675132512,0.586788204781698,0.0361835742544854,0.0470256623457561,0.912475307130095,0.0428412472881561,0.135478371583829,0.821680381128085
"419016",0.053900359774035,0.203956674738962,0.603468120354559,0.0361549984682616,0.0391654986086135,0.913993252463244,0.0613796125712439,0.118323296650782,0.820297090778004
"419029",0.0412303336060962,0.194333821367878,0.605701134158519,0.0401443370641944,0.0414067195998413,0.909859798173427,0.0524948896598847,0.105615402020826,0.841889708319283
"419035",0.0310040544703926,0.219667652564129,0.630673954047845,0.0291602657736663,0.0248601749722873,0.93996109186007,0.0313647193910083,0.0773608578978158,0.891274422711344
"419054",0.0344892693182522,0.220513996258525,0.617177969728226,0.0307417007749441,0.0276358159593244,0.934738784851299,0.0402727658532937,0.0823327633697385,0.877394470777151
"420003",0.0778952743146764,0.152845597350571,0.658533377586788,0.0252184931117618,0.0327086598658634,0.936447748039588,0.0777506972688979,0.113669703460363,0.808579599270765
"420017",0.0359119015648125,0.184247046691907,0.656362808622694,0.0236424600573319,0.0229912443009238,0.95539768528696,0.0440754040144409,0.070628631645078,0.885295964340477
"421018",0.0515792859691864,0.223126119287206,0.660344188144765,0.0407891351495032,0.0396911313373287,0.916533300663399,0.0513872295007761,0.112276575938287,0.836336194560923
"421026",0.0806671016112332,0.19472977071217,0.649035720577248,0.0246246263680968,0.0357013289779857,0.929359492232683,0.0607165368416472,0.0652799481762264,0.874003514982293
"421042",0.0506555917010109,0.209146409153401,0.620240762579251,0.0228922231204456,0.0308973890201797,0.93348938781294,0.0553299290720482,0.125785046557886,0.818885024370001
"421048",0.0780975125957604,0.168462373847869,0.639031124737931,0.0369569358716562,0.0379516321318121,0.903756051827735,0.0806520078421157,0.114229781879728,0.805118210278153
"421050",NA,NA,NA,0.0481239614911176,0.0393522953103696,0.902912224720039,NA,NA,NA
"421055",NA,NA,NA,0.0314543761050177,0.0220166335672338,0.950124421455843,NA,NA,NA
"424002",0.0265473757878183,0.234033996049997,0.579913513259693,0.0355419502032417,0.0605481847428054,0.922890351887527,0.0375513834773552,0.190541015492913,0.771907601029741
"403209A",0.262394037492003,0.213642744044341,0.383248136525676,0.252397054184077,0.117249194355785,0.599824355443251,0.289529731958933,0.247805427943577,0.462664840097487
"422202B",0.0266492676973197,0.229980581860267,0.625524494055379,0.0194192940312953,0.0356910996349932,0.944913995880555,0.0281293343814832,0.0935508966241433,0.87831976899437
"422306A",0.0213423351599463,0.23657633033052,0.62925778488201,0.0218428645209496,0.0155979670662657,0.961105116516975,0.0219545136653513,0.0592559457265006,0.91878954060701
"422313B",NA,NA,NA,0.0583249353054947,0.0120111633369706,0.928111417065635,NA,NA,NA
"422319B",0.0415314892004191,0.21435346066679,0.645383928047377,0.0227529016186682,0.0159998925905558,0.959641709141538,0.0376809408056065,0.0571359692462758,0.905183089948133
"422321B",0.0287206628985864,0.273304202664511,0.590239604823275,0.0290824190371628,0.057208826767001,0.906996114906807,0.0286062681571432,0.149559512112748,0.821834219730114
"422334A",0.0284232317314245,0.220267618286013,0.643890391851877,0.0219205940522685,0.0135237159927996,0.963746092870278,0.027950386648257,0.0505537275041441,0.921495885847603
"422338A",0.0176746122863255,0.210856256866149,0.649333227508403,0.0201541989807795,0.0118011803458134,0.966122277372113,0.0194866926879105,0.0369791748546569,0.943534132457417
"422394A",0.0382402546889577,0.254138317174947,0.622104239034985,0.0231033942298801,0.0290854831360392,0.944087524048696,0.0333573546603835,0.108821519492407,0.857821125847208
"424201A",0.0523745852438736,0.22486769919603,0.584756337509508,0.0440970531714786,0.041831895629674,0.912174924965174,0.0577016706620457,0.192030941972585,0.750267387365516
"A4260533",0.0579022762808607,0.175463552032941,0.638329996198034,0.0653305073796346,0.0283593198888718,0.899762551413789,0.0679791393410403,0.0726235737462651,0.859397286912692
"102101A",NA,NA,NA,0.178375523570577,0.0206339829759058,0.803445607250477,NA,NA,NA
"104001A",NA,NA,NA,0.187423260491323,0.0148470362621252,0.793529952707182,NA,NA,NA
"105101A",0.173078278260918,0.166491842833855,0.60354169165646,0.155011110707488,0.0309811643026511,0.809261332017183,0.165236852796494,0.0915095812759512,0.743253565927554
"105102A",NA,NA,NA,0.115532380323637,0.01942936295112,0.855869207195693,NA,NA,NA
"105105A",0.127564729714556,0.185631469845674,0.610652837960289,0.116317484466524,0.0288204944639026,0.850918537272036,0.125181313427503,0.0750525123154991,0.799766174257082
"107001B",NA,NA,NA,0.246466943679635,0.0577869675929618,0.700268561096076,NA,NA,NA
"108002A",0.175273777430203,0.213137948960334,0.556060047561633,0.127141551539615,0.0356523942626824,0.828400752673006,0.160420031000428,0.113675421445086,0.725904547554512
"108003A",0.176767457234187,0.174459850722863,0.571551215005327,0.169799171660158,0.0266403717953656,0.800552665773307,0.180726920925791,0.0904936052685368,0.728779473805668
"111005A",0.107980352058829,0.20050340554596,0.579950758333718,0.120081082035688,0.0346974631627655,0.83907174590103,0.111960644420281,0.0854810525121409,0.802558303067551
"111007A",0.112740498007275,0.220408657448428,0.585109984194643,0.105925820755807,0.0283119995562531,0.863009485860952,0.112474453044427,0.101619187253734,0.785906359701833
"112002A",0.108471320436502,0.223886536827843,0.577533317328155,0.112642654165281,0.0338756965369956,0.849928562240136,0.108779563637899,0.118038320942011,0.773182115420395
"112101B",0.227947691376937,0.176387424803473,0.532268083885743,0.16450168917702,0.0419136650472988,0.783514730329431,0.205271846211291,0.121337920044596,0.67339023374411
"112102A",0.233598927878592,0.191905250242439,0.471384720691082,0.200863652600767,0.0421686164763832,0.746013605263443,0.236904649664242,0.145514141204289,0.617581209131487
"113004A",0.17906980201754,0.234417827181957,0.476069334021914,0.189803121007795,0.0494562615905985,0.748358605177655,0.182664775700626,0.170953468370796,0.646381755928577
"114001A",0.154043499357634,0.21387322983493,0.537668027059572,0.138224828364688,0.0465903043571636,0.807613106645151,0.147277489204912,0.124116953904875,0.728605556890709
"116006B",0.110472574893347,0.226627762318938,0.577490740031443,0.111752091307707,0.0346591303331884,0.851159857856549,0.108905737121676,0.122133915904393,0.768960346973984
"116010A",0.158021413387284,0.180036308261563,0.572825017405645,0.108378450287202,0.0388410373141819,0.846317478379667,0.147092700524,0.107619065911384,0.745288233564692
"116011A",0.0874770639684209,0.215448791445045,0.61311807266031,0.0717607353031969,0.0207139534496436,0.904169871657329,0.0823282432498208,0.0862894652297835,0.831382291520391
"116012A",NA,NA,NA,0.0863834096295387,0.0190284288677196,0.892010177798229,NA,NA,NA
"116013A",0.110326309966769,0.212169147155278,0.582220123496936,0.087815840437023,0.0291718489293266,0.877806507326585,0.104991519156508,0.105654674582348,0.789353806261144
"116014A",0.098877988636985,0.232082036135648,0.584720484602975,0.0988679943643667,0.0319290406470111,0.864576859443467,0.0952130539309187,0.11302283702421,0.79176410904487
"116015A",0.0883581141511745,0.210942985400518,0.585222037024979,0.0997114123120596,0.02989037209046,0.867549908142414,0.0893942897663095,0.0893662495819461,0.821239460651743
"117002A",0.0687013857588225,0.218927351261686,0.601438455762176,0.0793796249400854,0.028151639759759,0.89018328046056,0.0715607705690331,0.125370779755049,0.803068449675928
"117003A",0.0837128006997407,0.228857634760511,0.598498062824347,0.077148339475742,0.0212505156190083,0.902291378044031,0.0802331097885038,0.0819166812012128,0.837850209010289
"118106A",0.0869414549944387,0.233736713241181,0.588212213114387,0.0837326579782953,0.0257289276676251,0.89104406747819,0.081421564768833,0.0900307205586721,0.828547714672438
"119003A",0.0718450855544239,0.225466553544693,0.62159349196445,0.0674104172604233,0.0204388702855171,0.912674729780411,0.0652638612168065,0.0764997450895162,0.858236393692908
"120102A",0.0783126315325796,0.200499979192789,0.627033203665299,0.0532610057856388,0.018670792929202,0.929135838425878,0.0703447332806732,0.0814308444341558,0.848224422285168
"120301B",0.0776085159712483,0.186183041106105,0.66349513758057,0.0544532918145958,0.0438685158060712,0.904178125149112,0.0779259842488873,0.132013463018305,0.790060552732812
"120304A",0.0640106238849143,0.187029881280619,0.642889635508629,0.0348063004195901,0.025572592254265,0.940351074162382,0.0587190958989308,0.0588558059376971,0.882425098163525
"121001A",NA,NA,NA,0.0442976701433942,0.0249198030809772,0.954953272494696,NA,NA,NA
"121002A",0.0473412562622965,0.222370081703998,0.630607902390086,0.0467814110020027,0.0129313818805967,0.939623120724469,0.0470066940869629,0.0484586404355137,0.904534665477566
"121003A",0.0534756736876189,0.235950632718972,0.613766569891772,0.0496369509576069,0.0265531222315168,0.921913295786561,0.0488629282240014,0.0854795094459852,0.865657562330084
"122004A",0.0791783168637224,0.208563534281616,0.6399952630081,0.0505310472351997,0.0131731544221742,0.935028017127423,0.0656915517047073,0.0713848541539129,0.862923594141357
"124002A",0.0828134518367498,0.227648551827532,0.576914623034971,0.0811601368163829,0.0245783505617508,0.893847325169029,0.0815015297710951,0.109080646444141,0.809417823784762
"125005A",0.0521964091233371,0.257417736549583,0.591429583129292,0.0493588658586574,0.0298258440277042,0.92092919818143,0.0517865023601735,0.102216268155125,0.845997229484465
"126003A",0.0621341442201066,0.217202822802488,0.613032877116966,0.0419490512413009,0.0148574737135092,0.945667165287171,0.0645747238809993,0.0733004935402845,0.862124782578715
"129001A",0.0523643514386715,0.227682976289498,0.611176929470468,0.0444604377599231,0.024339478274332,0.929660368260502,0.0523689889755032,0.0655645236673595,0.882066487357127
"130004A",0.0317007505618478,0.213863642212238,0.643462068777077,0.0250462487508024,0.01497825867707,0.960001472301847,0.0325809131553679,0.0574808103217446,0.909938276522891
"130302A",0.029313700837635,0.262565874522668,0.606666517058321,0.0242795090638731,0.0533997688083895,0.941669679734896,0.027781280145769,0.117052278995347,0.855166440858881
"130324A",0.0307834082632435,0.235073106187037,0.628238191702824,0.0245550964367692,0.0380963029712119,0.939363149157322,0.0286462036498844,0.0919604596079653,0.879393336742148
"130403A",0.07410573423013,0.210970611155247,0.6478987539443,0.0405001647929679,0.015617450645302,0.938098912498389,0.0613264170492849,0.0475295283131258,0.891144054637613
"130410A",0.0297970246409499,0.236411020258598,0.624914061376095,0.0287908181718631,0.0180985782286983,0.951527060300121,0.0285328037608583,0.0725969219252575,0.898870274313891
"130413A",0.0377500366358078,0.240831631529211,0.629606415274064,0.0348260485545532,0.0201373368288394,0.944734883432052,0.0341929002152354,0.0707611746209376,0.895045925163825
"132001A",0.0392889355035767,0.223276979348978,0.635180017640858,0.0247516717116381,0.0144357332590226,0.961047571934924,0.0367044787206569,0.05845640558534,0.904839115693994
"135002A",0.0255096798169527,0.234670520498886,0.635488198338243,0.0248559599845054,0.0171820313119425,0.957446599597513,0.0240169661491425,0.0664862458413759,0.909496788009628
"135004A",0.0208052284289132,0.186028239664834,0.626945491007494,0.0269249024285749,0.0227090081170163,0.948853370989298,0.0278759013739473,0.0535069347018552,0.918617163924189
"136006A",0.0403879809555764,0.217779225449895,0.641339158621654,0.0238013164786959,0.0165040145201515,0.95733526460072,0.0401331703901563,0.0899950475131553,0.869871782096708
"136202D",0.0242745170449755,0.224641914133664,0.624004986590743,0.0256366884888837,0.0200894993046482,0.953556724784411,0.0269062871063906,0.0656608446065659,0.907432868287086
"136203A",0.0316664390584036,0.232630665015392,0.632252507942457,0.0237967621228706,0.0265042653771266,0.946757662954681,0.0302663654217804,0.0722413825643896,0.89749225201383
"136208A",0.0263375491174711,0.216361765852127,0.622098566647974,0.0251329847632947,0.0269948463724753,0.946348380140773,0.0325492836079039,0.0883453207870941,0.879105395605028
"136304A",0.0261298195170637,0.234868944011126,0.623268673013291,0.0271696605638471,0.029777321161623,0.941426483643096,0.0259598679187156,0.105978583928576,0.868061548152661
"137101A",0.055731271255174,0.210625577884901,0.647555171115425,0.0353294038615657,0.0219501764663698,0.943525406726035,0.0497179365055795,0.101291338916061,0.848990724578362
"137201A",0.0376913008821765,0.222494172660134,0.644295775972746,0.0310747910979067,0.0155685246222618,0.952475929411312,0.0359802245343326,0.0665997140922205,0.89742006137344
"138004B",NA,NA,NA,0.0578227853848489,0.0200517221598608,0.930486801126267,NA,NA,NA
"138009A",0.0301972365135974,0.224641550470016,0.615159218999225,0.0319968934193741,0.0182553832995209,0.947077597168797,0.0351853795762198,0.0593310039809754,0.905483616442806
"138010A",NA,NA,NA,0.0619853881763703,0.0165549919322187,0.919628494659813,NA,NA,NA
"138110A",0.0241223446447444,0.223926452538036,0.624940881264933,0.0260722547089188,0.0176479976441698,0.955122307842186,0.0262875282497493,0.0523592299910281,0.921353241759211
"138113A",0.108000409564876,0.137593191765971,0.658193512196036,0.0634468081909173,0.0185942293560902,0.924318097293889,0.114727361273981,0.0529434018806529,0.832329236845364
"138903A",0.0350203535652692,0.241369368838848,0.596293566607003,0.0347117942137435,0.0309361728313171,0.930690528587031,0.0393802459218639,0.104670602811379,0.85594915126675
"140002A",0.0428889221076821,0.214105518049511,0.625335951664973,0.0321889746722338,0.037041000154094,0.921006130510692,0.0461476756729731,0.0769074721542549,0.87694485217277
"141008A",0.0387775358746853,0.216195057797633,0.634290747934868,0.0421925702471876,0.0214690097879472,0.932243627078942,0.0401903748171013,0.0676148569690057,0.892194768213699
"143007A",0.0885481671146524,0.187514066478447,0.632762279898656,0.0263972910471079,0.0221757846960978,0.948910998899792,0.074000586054675,0.079163884228935,0.846835529716495
"143009A",0.0197811421773657,0.225968739430807,0.625887417795142,0.0214111011532965,0.0208196793230757,0.956886194419881,0.0220501180837623,0.0590360181112322,0.918913863805022
"143107A",0.0516406685566342,0.208293578080644,0.632407046448263,0.0247496800972881,0.0118802964931087,0.963289997569215,0.0491279371098279,0.0442254799051007,0.906646582985037
"143110A",0.0585497812778448,0.165523003149777,0.661899622451686,0.0285009834127833,0.0129183706332027,0.957004148107202,0.0620761750480226,0.0386206356965329,0.899303189255442
"143209B",0.0711590108107339,0.176650947493535,0.651983100449644,0.0331669952040667,0.0188661956742004,0.947208302502124,0.068711892241719,0.0659173066366412,0.865370801121638
"143303A",0.0747292506440285,0.214588190898124,0.612664867543455,0.0378988743741894,0.0253377214022108,0.937123911260715,0.0686221954510866,0.0791862548733901,0.852191549675521
"145010A",0.0452720156669692,0.236560033459036,0.611819986841092,0.0338998960025273,0.0283286602871766,0.933627772707796,0.044970022105779,0.104040929552192,0.85098904834203
"145011A",0.0261490992648596,0.236255941007407,0.636382920267562,0.0248810879057976,0.0189379678489204,0.95465495056569,0.0241604240791734,0.0702703395223097,0.905569236398534
"145018A",0.0610006963680803,0.21097916904122,0.600514152810869,0.0327743199498856,0.0336000942654373,0.923780015829685,0.0659178247055119,0.12026575744729,0.81381641784718
"145101D",0.0316888827729189,0.240490209591094,0.62145546081676,0.0264494520309591,0.023657971181975,0.948756943983503,0.0322071274855932,0.0887782538711,0.879014618643488
"145102B",0.0456890808728831,0.221794306169848,0.636849150581717,0.0239815131495776,0.018941038794085,0.955747101106348,0.0426990371316753,0.0648605428647721,0.892440420003557
"145107A",0.030092262008818,0.225126804345948,0.629825355050118,0.0331221466850801,0.0235387910893879,0.941984676349528,0.0324236555494252,0.0696901578317145,0.89788618661886
"146010A",0.0298477138253989,0.231850886190075,0.633840577579614,0.0252317028379028,0.0161174115960691,0.957364727536048,0.029665973822467,0.0652876007762278,0.905046425401317
"146012A",0.0621618447845103,0.176234809459838,0.636647078349912,0.0464845385835069,0.0208210373323212,0.927582316866873,0.0659937464454187,0.0439264617103969,0.890079791844182
"146014A",NA,NA,NA,0.0502461306435536,0.0174200562160693,0.926903530498139,NA,NA,NA
"146095A",0.0570434980016494,0.186440317147052,0.634803409761577,0.04189906520359,0.0148976366727498,0.94139872861653,0.0599439874717687,0.0382653078299917,0.901790704698218
"710003",0.0668463256414954,0.211890298215639,0.635656635554939,0.060961208000773,0.0217773579730999,0.915512474212758,0.062249653981813,0.0776252343894237,0.860125111628874
"710229",0.0399661277149587,0.228005100965013,0.643157145844723,0.0320949453452743,0.0187916085918521,0.947650108858592,0.0401008483926689,0.0625427163354251,0.897356435271891
"701002",0.0195092214943835,0.217036327610237,0.636630979434978,0.0209324508651828,0.0167288307803184,0.961127958674263,0.0213776325426415,0.0572068230752992,0.921415544382209
"701007",0.040988252814406,0.230798056325601,0.615537916429414,0.0402174730035394,0.0251072066419133,0.934648614829038,0.0416424327301503,0.078821587806409,0.879535979463297
"701009",0.0330252539001644,0.212978757257751,0.645960972026956,0.0314960737136898,0.00957481230725009,0.959158501198663,0.0330701897845129,0.0357216974508921,0.931208112764582
"704139",0.0466309367877889,0.235356446914115,0.6024065666329,0.0374950207578946,0.0293613557495379,0.930326729028143,0.0469640873689117,0.126848158457277,0.826187754173831
"704193",0.0290506254693513,0.235530265513929,0.617187761701675,0.0296402473671942,0.0229301506690945,0.945546147872023,0.02968904324194,0.094375666237998,0.875935290520193
"705001",0.0424608060251121,0.23448109040457,0.608633787428524,0.0321172348961917,0.0242875850707124,0.944164591454611,0.0432378660134343,0.0969405894132518,0.859821544573334
"707002",0.0232391265659308,0.222196239475833,0.646732317012745,0.0240722827257011,0.00757961622179573,0.967692383622297,0.0233405206111664,0.0278596240000465,0.948799855389087
"707005",0.0431479944990442,0.208097829536407,0.644759671547244,0.0430121285002255,0.00680223308775821,0.95183068837045,0.042022863072553,0.0277603290264578,0.930216807900976
"708011",0.0390388369791947,0.222190248810907,0.631269431639417,0.0383849626794865,0.0113301920232995,0.948300517842929,0.039281239020844,0.0375755633605216,0.923143197618638
"709010",0.0366602826381418,0.217241078903665,0.676342605485926,0.0339386388392551,0.00852691089726873,0.957051346156474,0.03266561594834,0.0292002363626466,0.938134147689014
"A5030502",0.139068122775125,0.219563052453954,0.547002247834538,0.134293321792569,0.0287369231518262,0.831741752306228,0.134298981908538,0.0996511088506372,0.766049909240825
"A5040517",NA,NA,NA,0.241505560780328,0.0408131477918851,0.714591799468955,NA,NA,NA
"A5040523",0.132415032965743,0.210489751493632,0.554491450107666,0.127513402333956,0.0325953340548296,0.827770629126804,0.134009139093043,0.109288360916431,0.75670249999053
"A5050517",0.118688475683763,0.195606041465203,0.607312352947555,0.0657375281209435,0.0284480181450798,0.89976988655012,0.102381977377574,0.108338707933772,0.789279314688649
"A5060500",0.0406284101186797,0.212024916623093,0.638700015674607,0.030173568442749,0.0134147859716354,0.953410954975154,0.0414068106475156,0.043863008333326,0.914730181019156
"A5070500",0.0450422722212937,0.216932728527822,0.622720010822399,0.0370825943894675,0.0272582339150421,0.933360051481864,0.0488443940967857,0.098513788490937,0.852641817412271
"A5070503",0.0861352830403511,0.197072986832435,0.615550978776402,0.0420642548646701,0.0258273525399881,0.931942374977112,0.0871395234587551,0.103852729711284,0.809007746829868
"A5090503",0.0439609678830351,0.165054092817003,0.647892192651591,0.0258892168217313,0.00465432029918424,0.969752508571859,0.0534012818627516,0.0185504265816606,0.928048291555574
"A5130501",0.20326972657873,0.236640218720751,0.44408237958435,0.203922937386802,0.0590852513183357,0.71979651224977,0.215982893689328,0.193906645977775,0.590110460332867
"201001",0.0471965933928043,0.211971971060327,0.63119992012657,0.0348976166224437,0.0180625725974607,0.950627485195152,0.0493317330034559,0.0469051073501409,0.903763159646435
"203005",0.0458243757913238,0.243387772780295,0.628498242786423,0.033673509056773,0.0267467098500714,0.937063145141348,0.0397066541245939,0.0789676611825147,0.881325684693086
"203010",0.0335247369414486,0.200076037225575,0.643737359262062,0.0261949725104399,0.0127363847666837,0.959957316905378,0.035279725778841,0.0331418070250327,0.931578467196203
"203030",0.0646303665556785,0.22002800619843,0.606738317477496,0.0468039245905666,0.0425866679154088,0.908655791727034,0.059587372435851,0.101811547320472,0.838601080243675
"204002",0.0380444395461222,0.220276435198667,0.625535620981604,0.0286357225132276,0.0275484866222603,0.939138372018821,0.0393534654557624,0.0776602282149652,0.882986306329331
"204007",0.0447405038307598,0.229326147714319,0.599815013198502,0.0425452792226614,0.0315895988324267,0.919019032347049,0.0492025543525357,0.0964137341128213,0.854383711534632
"204014",0.0567863568945535,0.187428086731575,0.651581177910789,0.0245301818086246,0.0338224745213465,0.933715873973133,0.0573121211102023,0.0573610037162636,0.885326875173437
"204017",0.0591871632847563,0.226531875597507,0.617470978553394,0.0506171351647403,0.027569784033457,0.920233989318105,0.0599956605869825,0.0870391565089409,0.852965182903808
"204025",0.0691149934115311,0.218676441009841,0.629535926749088,0.0449968269367804,0.0294446801059449,0.929003910140657,0.0702535501586857,0.0852658188709783,0.844480630970333
"204030",0.0397026655173943,0.234898785840135,0.629685992671651,0.0225034708342336,0.0516249987084965,0.915201965026189,0.0338845361734958,0.112338472679277,0.853776991147299
"204034",0.0855087541169264,0.193329712388795,0.646835420510666,0.0426608430657587,0.0308051234659098,0.91815197219861,0.0745415277327003,0.085467229117827,0.839991243149474
"204036",0.0379017455930786,0.233712201419599,0.644347325551372,0.0243299893921015,0.0305898862532127,0.947033616048676,0.0333276597736471,0.0814367810529204,0.885235559173431
"204037",0.0329427947544098,0.245917414982746,0.598042834164828,0.0353603925555138,0.0298573221627799,0.937016789581929,0.0352500917349533,0.0839112269923561,0.880838681273068
"204039",0.0501260704069027,0.211520403412995,0.627101073207308,0.0306010971699989,0.0317733226697013,0.932872049908576,0.0507165482138713,0.0905005388421848,0.858782912944019
"204041",0.0554625656012484,0.229159026977306,0.629461892995019,0.0403839994302834,0.0333419299823958,0.913508725493481,0.0513708950998008,0.113246333812591,0.835382771087603
"204046",0.0441117318826984,0.222205990164086,0.614354652732814,0.0387032130660701,0.0350180536110752,0.919568989138211,0.0467978757997974,0.0838879511802639,0.869314173019871
"204051",0.0404257178870453,0.223309368265124,0.62493556105473,0.0309319449703294,0.0280069206811827,0.937920954583902,0.0405428951727188,0.0906055007135473,0.868851604113729
"204056",0.0504853732671747,0.236890807337188,0.590712278352649,0.0462699657270252,0.033969492611505,0.91779789271272,0.0538718772759582,0.105850748367694,0.840277374356343
"204906",0.0366214526317399,0.232216373663224,0.607644099900453,0.0356074893141421,0.0245761460566204,0.937628033255587,0.0411718915376113,0.0873983132605625,0.87142979520178
"206009",0.0367991575826217,0.259358128896373,0.599054555768221,0.0183433895903969,0.0769304484294603,0.891669482874457,0.0348903799719039,0.145904806316708,0.819204813711356
"206014",0.0438351573006407,0.224013408523206,0.644696286756394,0.0215716928189903,0.0251716491335538,0.948747789569321,0.039664103894127,0.0882664785768149,0.872069417529049
"206018",0.0300095969293923,0.236071998108238,0.629008471732536,0.0187268451826471,0.0284928099537105,0.95107064887199,0.0277893702632257,0.0913147840373354,0.880895845699427
"206025",0.0236007302515046,0.230136417188725,0.627451568036113,0.0249887187857781,0.0219162394228458,0.950559185232952,0.0242773369900769,0.0709511799483528,0.904771483061135
"207004",0.0390973678306614,0.219957327104265,0.607079525727221,0.0459386870214763,0.0301777883010215,0.919939145841688,0.0464351517382171,0.091726510218241,0.861838338043541
"207013",0.0407136315913919,0.20080724423713,0.634869860780695,0.0408272591976247,0.0193324188658221,0.938974942143481,0.0472701608086259,0.0666262618631341,0.886103577328224
"207014",0.047389695131981,0.210508494857197,0.650431055388726,0.0398272233066667,0.0204503091309702,0.938887504113866,0.0475060423029497,0.0613224870795663,0.891171470617458
"207015",0.0405656946971684,0.237917504321912,0.60669905897959,0.041073059343696,0.0369322321299096,0.918098014464505,0.0407050191596444,0.103490466405338,0.855804514435012
"208003",0.0661672978262458,0.193678907526109,0.627540455716531,0.0329324783740319,0.0418105522764403,0.924984639505012,0.0608872708793708,0.0789061583254643,0.860206570795176
"208004",0.0392116620362701,0.218898912044726,0.613969459614872,0.0349178701278417,0.0462684809937291,0.904016585798254,0.0413500457433084,0.0997181596534649,0.858931794603223
"208005",0.0651972626070379,0.21460790472395,0.613832269930645,0.0313642207962933,0.0574511183085754,0.907857671677122,0.0656605084799546,0.128000231119904,0.806339260400136
"208007",0.0537099389702943,0.260094455987974,0.538170201721044,0.0247504579819877,0.0875187402357398,0.88436364426866,0.0588426798588346,0.198366252204502,0.742791067936678
"208009",0.105022195084673,0.193645020911462,0.627898193554292,0.0227314666267769,0.0555150021063734,0.906684650413021,0.0930232448809167,0.132608468317754,0.774368286801325
"208011",0.0837653778882944,0.180730774313442,0.644231500899238,0.0276810722426155,0.058383712483997,0.90796530141506,0.0719292564248982,0.133952526300172,0.79411821727493
"208015",0.0320303043197443,0.203839547030171,0.632226656946689,0.0335413479507524,0.0136025206267418,0.952230777605461,0.0364137208888214,0.0468294415067088,0.916756837604573
"208024",0.0759376097910211,0.259949967624324,0.56563751725119,0.0376742260595864,0.0869599827478175,0.854655002121567,0.0658386223609348,0.198116839687692,0.736044537951374
"208026",0.0477977611000496,0.241733842320248,0.600454484361295,0.0263955583007723,0.0751606089591831,0.891727601849511,0.0470961141392016,0.160687195383183,0.792216690477619
"209002",0.0557436991387635,0.161323808740522,0.641548273485948,0.0290342079237151,0.0162599319193316,0.954473266984525,0.0750577641140334,0.0424607953004788,0.882481440585481
"209003",0.0614775075812798,0.16383866422911,0.645159566945021,0.032933305303714,0.0152921128008528,0.949460900584966,0.07271694810374,0.0597955090554501,0.867487542840842
"210006",0.0336606805807532,0.201944092709687,0.576570110923472,0.0186075409505972,0.0292860452425039,0.95173764639994,0.0677567516460276,0.137254569937655,0.794988678416337
"210011",0.0853596632182514,0.170414417938172,0.626638831162285,0.0303076799041987,0.0177302956194997,0.950318640682427,0.0869598063848659,0.0526966358710543,0.86034355774408
"210014",0.0431293615940511,0.181246643603446,0.621715733335187,0.023281177742477,0.0316101258486514,0.938717764841783,0.0548351067022811,0.0736220159956181,0.871542877302083
"210016",0.047146904748159,0.195084585209661,0.634450360541516,0.0173524483062907,0.0379426008451567,0.933122861523745,0.0514772713250761,0.0725032644477708,0.876019464227186
"210017",0.0618889483668899,0.237321143016994,0.566380434408886,0.0382162111642756,0.0602415963917211,0.892380230929867,0.0693841407918104,0.115910661962641,0.814705197245637
"210022",0.0812861637947946,0.175858664523379,0.616785288951327,0.0382433099897299,0.0290336272376772,0.929157045004698,0.0814197218655467,0.056744262709126,0.861836015425328
"210031",0.0333882671210209,0.206733410132195,0.629717047056504,0.0178931877092591,0.0366765829167915,0.935524014596257,0.0396657093128411,0.0822140000424875,0.878120290644677
"210040",0.0669202403096905,0.233557959844913,0.680405745652994,0.0178174451257095,0.0289631931812468,0.946123348684075,0.0516446022033004,0.0533375262750334,0.895017871521675
"210052",0.0423926624014724,0.147171441573069,0.630867467495886,0.021360175414022,0.0205492671425426,0.953688136509064,0.0590880954093498,0.0509851492055202,0.889926755385127
"211008",0.110324690846588,0.122620968670013,0.68475317428074,0.0446364723120563,0.0197836812932986,0.931666714465678,0.0929451988570494,0.0423583740728162,0.864696427070135
"211009",0.038786755651577,0.175530579048318,0.638508538201104,0.0271791607636342,0.018892353175217,0.954008187165301,0.0580566271703778,0.0765927999562962,0.865350572873338
"211013",0.0303274463372544,0.17760580112162,0.65045316237452,0.0244494415406717,0.0203236447619155,0.952693554730426,0.0413406436091333,0.0472600363687388,0.911399320022113
"211014",0.0359070725759549,0.193186874423857,0.64335902897473,0.0302195666720916,0.0215992766141337,0.944292486549775,0.0406563492793027,0.0494592265374108,0.909884424183307
"212040",0.0508051146178518,0.188767434131233,0.654867196442584,0.0314734916881088,0.0126031009696718,0.956422589711245,0.0504131382804144,0.0202983787804111,0.929288482939181
"212209",NA,NA,NA,0.0416912505772354,0.0648618460862974,0.877268646272659,NA,NA,NA
"212260",NA,NA,NA,0.0276351998773057,0.0467082969673614,0.932046648250238,NA,NA,NA
"215002",NA,NA,NA,0.0298821242864096,0.0428128722393757,0.931585495317832,NA,NA,NA
"215004",0.137026554102432,0.134490617504006,0.6719813298666,0.025402440267763,0.0175126962316626,0.955525288547806,0.095015596859069,0.0350143401742048,0.869970062966759
"215207",NA,NA,NA,0.0282604627184338,0.0227001333068774,0.949003438238043,NA,NA,NA
"216002",0.0332007984359924,0.161177627350367,0.67677776912673,0.0236636688505255,0.0273131741918991,0.951607590742441,0.047134151851925,0.0444774562245468,0.908388391923526
"216004",NA,NA,NA,0.0424602195644585,0.0208212634463828,0.935330843142186,NA,NA,NA
"216009",0.0326557315995102,0.199147738875339,0.639695970967162,0.0272466710076004,0.0216614069772479,0.955952131428073,0.0382800074557629,0.0641953224894135,0.897524670054824
"218001",0.0217862663766682,0.241020214366759,0.63666529321034,0.0204615697406905,0.0358667141946897,0.944109969193811,0.019593428977127,0.0921155198960958,0.888291051126773
"218005",0.0196845265601562,0.244372517875626,0.632732821567128,0.020533046325308,0.0347536964377532,0.946308889855985,0.0189799233936628,0.0888574915268004,0.892162585079944
"218007",0.0262080883763552,0.212249879442838,0.649860312212394,0.0288250451415189,0.0227646269036429,0.950617305429919,0.0274614441816008,0.0712877322544779,0.901250823563926
"218008",0.0291747521876848,0.227927781719058,0.635128618842155,0.0273784346703059,0.0311099102224046,0.94394840249249,0.028081574204825,0.0948311253977751,0.877087300397299
"219001",0.0115076614651967,0.230042535481694,0.620481660773156,0.0149103006839676,0.0368661893637834,0.954988083768192,0.0139963035898561,0.0867608823582766,0.899242814050726
"219003",0.0142656137815818,0.259312952260926,0.618462590596412,0.0150233927140666,0.0488689623836892,0.934466127187659,0.0152805933302323,0.112880431592936,0.871838975075698
"219006",0.0160576575479999,0.246114124073063,0.63395651280374,0.0153527781575181,0.0425779222447961,0.936523772724684,0.0162906040100372,0.086498573844986,0.897210822144825
"219017",0.0223533103191569,0.223656529044998,0.648001618956564,0.0218943269289393,0.017281153782226,0.961412257890071,0.0218902154847799,0.0516331525962738,0.926476631918853
"219022",0.0276723499000926,0.225676284836779,0.628679014994544,0.0279436667522983,0.0414532323600674,0.928385365370198,0.0296511594706212,0.0881291050490144,0.882219735480395
"220003",0.0205685482788994,0.220726084890983,0.64990824411224,0.0200062842963692,0.012986358367768,0.966692369257716,0.0194997104525415,0.0467513630764353,0.93374892647094
"221002",0.0344888776515364,0.219201129143427,0.669049553853008,0.0237757053455519,0.0278117055384209,0.949318867620824,0.0332052129053089,0.0780127465069412,0.888782040587751
"221201",0.0264859521721656,0.290350839638925,0.569127599966601,0.0257451662079432,0.0698247003623266,0.89621349008757,0.0260706028022905,0.198118328772852,0.7758110684238
"221207",0.0399071717200057,0.289842324017321,0.56115689914202,0.0398439874121229,0.082551371660392,0.869272564755935,0.0392815327632108,0.209204601313893,0.751513865923015
"221208",0.034839536763605,0.245449425706428,0.608802405992135,0.0348792968099545,0.0385526992197858,0.922933411643237,0.0346587856249119,0.109862658559846,0.855478555815446
"221209",0.028822032494425,0.245111784195957,0.626128008141374,0.02846143627654,0.0420080657897073,0.925166695456152,0.0282264962261485,0.122979817096716,0.848793686677152
"221210",0.026370823309247,0.230520070084352,0.643031060166747,0.0259146710562061,0.0271048761462442,0.946035266289616,0.0255094886037716,0.0885517698852391,0.885938741510774
"221211",0.0334093358499289,0.261712458552936,0.600876595661432,0.0293284466199421,0.0465065463791139,0.920216370262477,0.031363451793624,0.143822147046271,0.824814401160111
"221212",0.0298025144541124,0.256902052474912,0.601441328592711,0.0290053016581808,0.0458812124725348,0.922153313447365,0.0312035766989511,0.127233330624437,0.841563092676597
"222004",0.0312374160506667,0.301688606014203,0.581234209339501,0.0324306153480772,0.0957515762742427,0.857919052003201,0.0310300061099194,0.218837610513186,0.750132383375774
"222016",NA,NA,NA,0.306331141965943,0.134802437913667,0.533661962241562,NA,NA,NA
"222202",0.0272840996991671,0.264703978371544,0.593330628260966,0.0288123029651687,0.0550444676777923,0.915677838752858,0.0282126002949481,0.126047853484153,0.845739546221428
"222206",0.0474347624360649,0.283305843323837,0.56105481230907,0.051443741542222,0.0797721867497948,0.85882337074954,0.0474470116496931,0.195742302723103,0.756810685626106
"222210",0.0506816256654256,0.278843648153289,0.567281669117733,0.0452155746533213,0.0730224095137127,0.867630689857992,0.0474191444299647,0.206070599597421,0.746510255972763
"222213",0.118461665796225,0.292354214220879,0.468983092602788,0.125113760391314,0.0816248432238432,0.788037695824432,0.132486106340408,0.253447239819321,0.614066653840265
"222217",0.0303969267107553,0.248981411516806,0.609014294457406,0.0311324619489688,0.0392736228145173,0.924883602879523,0.0299701578959998,0.110178645352476,0.859851196751523
"223202",0.0484415345302463,0.257218396964505,0.573555359654273,0.0492556220395491,0.0939731224270667,0.840408216689462,0.0506220298950206,0.139263943508284,0.810114026596738
"223204",0.0267737325082751,0.256077501878768,0.601701690619676,0.0215741267618299,0.0321486113312924,0.940990710332735,0.0261791975698023,0.107248940384847,0.866571862045343
"223205",0.0267012492578153,0.278563678346762,0.582572732803178,0.0263170378450332,0.0557882583853327,0.906814546149793,0.0256866071335051,0.148136297912938,0.826177094953556
"224201",0.184948324469175,0.417259591244315,0.320083438928262,0.200397744165705,0.164559788122932,0.588833136264074,0.181091109595071,0.38414883238673,0.434760058018132
"224203",0.137782438297691,0.272456437191112,0.492555108494893,0.143929918209116,0.0819260455604769,0.755986676442574,0.136034049418735,0.199796575748195,0.664169374833071
"224206",0.221791068556215,0.296170270891049,0.374531125557104,0.219703359243298,0.121327440414876,0.618189020591232,0.221315466915566,0.279726586749671,0.498957946334814
"224213",0.249215653715259,0.232230520756481,0.404988215046835,0.229036953429755,0.0750014682920731,0.666520517475109,0.261139277215388,0.2208100763828,0.518050646401871
"224214",0.041495742947275,0.256209812104153,0.60109307958794,0.0306420353169544,0.0431545461387084,0.923399858940301,0.0407722740591307,0.141661717290004,0.817566008650864
"225201",0.0251581822741117,0.224763428353107,0.641013733067528,0.026539659480606,0.0250279542905005,0.944983346726588,0.0261644034047986,0.0782162077596876,0.895619388835612
"225209",0.255190687375847,0.227979206911228,0.427479657338934,0.242317447818048,0.0657159097192112,0.678891479337796,0.251226767533678,0.17438334339719,0.574389889069133
"225213",0.0467745008827146,0.249260771547777,0.595223428402031,0.0436117725628873,0.033706702079159,0.917136354902301,0.0468959342973748,0.0986374832707554,0.854466582431872
"225218",0.0205519449643008,0.242021954153509,0.6378659513651,0.0196761589215995,0.0183309126738774,0.960306277504602,0.0194493942648649,0.0546937000153831,0.925856905719747
"225219",0.309437600001427,0.205275274177373,0.409472813714346,0.292186763871772,0.0478524384285971,0.638035815769868,0.30144551446788,0.157639683645742,0.54091480188637
"225221",0.217763258492888,0.223018448999023,0.459100974000442,0.200551084676598,0.0619004578095118,0.717339364668363,0.221237486658933,0.185614601566907,0.59314791177418
"225223",0.0575164798343164,0.185653854617344,0.718311634736641,0.0279288915618454,0.0308264700886997,0.935395355884926,0.0565130228907856,0.0634669248441645,0.880020052265047
"225224",0.0341552931799187,0.215879317700369,0.637995652923357,0.0255586218547015,0.0314781184919539,0.939687933457081,0.0357323770359429,0.0922339868272836,0.872033636136807
"226023",0.0817376268692458,0.194296298843038,0.586898666841984,0.0644539485877841,0.0399132347717501,0.883574968121098,0.0895869963725046,0.0951066231412065,0.815306380486289
"226204",0.126929054134352,0.355580357621817,0.44571404287152,0.119488693891659,0.164463745097375,0.693279833383904,0.123110870192928,0.274029509136275,0.602859620669984
"226205",0.211027254859222,0.339511042878381,0.373502574310548,0.185073666826346,0.222558526545245,0.581381270047038,0.208890450871349,0.299233186817779,0.491876362310862
"226209",0.189163628804091,0.229184970149279,0.492700498667961,0.186022975562912,0.0554744909884206,0.747427364647659,0.187775842530924,0.147207049438667,0.665017108030424
"226218",0.299335472718026,0.315731280361698,0.303819051601005,0.301858557668,0.175222505261663,0.493609499642246,0.300654622352676,0.339605563847186,0.35973981380013
"226220",0.247929364895835,0.285987117336783,0.386894871192821,0.190184197192508,0.168421426731415,0.629245790895502,0.250943014690401,0.250088649355154,0.498968335954443
"226222",0.19238841411705,0.275851976941674,0.443628310677327,0.137949220172677,0.261711130706935,0.567544620191144,0.17910146835432,0.253992331845996,0.566906199799687
"226226",0.192434725950419,0.285351242807059,0.423459413994167,0.178035108855412,0.0916130089762589,0.714922717180398,0.198300238313446,0.217010355766804,0.584689405919827
"226402",0.155985245876667,0.238089914340026,0.514055837363318,0.158486720643695,0.0567672660314858,0.77435415556458,0.158415294110548,0.144882494825794,0.696702211063656
"226407",0.147795533767035,0.183631516648061,0.57824019583885,0.111520710639797,0.0545425069021959,0.835598495188347,0.13963202784209,0.0883402947375084,0.772027677420393
"226410",0.058170153199087,0.245279931161432,0.580959260592704,0.0576165100244947,0.0274090247988141,0.911517225460019,0.0581604455646272,0.0797474351079841,0.862092119327323
"227200",0.0279138423265989,0.233565080260282,0.630622094344561,0.0264612080430417,0.0247987118142435,0.945697923328367,0.0279589618465692,0.0686228629516571,0.903418175201548
"227202",0.199359927835143,0.226394549250382,0.477447950400313,0.20166618919765,0.0471587430057162,0.741001463541194,0.201709422127775,0.146943399290059,0.651347178582313
"227205",0.0462630955757651,0.234954544773279,0.640385883636106,0.0371060986654882,0.029909858908615,0.927884428110269,0.0419530816175319,0.0587599344691286,0.899286983913333
"227210",0.0340176266064576,0.259765248218451,0.594047857739957,0.0347628613661665,0.0513311377961654,0.9094919651305,0.0337327300633677,0.110848956796662,0.855418313140592
"227211",0.0604148854196115,0.233052306195368,0.602200514996604,0.0596213577254046,0.0246099404270757,0.911608983090118,0.060088471329773,0.0695835049513986,0.870328023718827
"227213",0.0322313980069926,0.246713999828986,0.612698394491205,0.0321184513313692,0.0357992099312174,0.926948596847336,0.0321196250897791,0.080622037079207,0.887258337831013
"227219",0.154776196197868,0.206672032049811,0.554928412443122,0.138299374196163,0.0228732466971024,0.833969806306667,0.153270348743277,0.0844350690167047,0.762294582240022
"227225",0.0344946600656525,0.242406504298936,0.614737268591643,0.0299559304786799,0.0357683393975313,0.930124819308098,0.0346762096951638,0.0959273175641985,0.869396472740613
"227226",0.100258313559705,0.217940661069227,0.574857418287591,0.101187653847292,0.0262554290409863,0.868393246663578,0.100777262270785,0.0802979625277899,0.818924775201449
"227227",0.141069265116997,0.210286995100268,0.561523213946137,0.139347914025907,0.0255846574090555,0.829412722303975,0.140204819967577,0.0849120094425449,0.774883170589809
"227231",0.148243752055574,0.208776501957013,0.555001922404668,0.147785233723144,0.028433211899276,0.819897983986724,0.147893364666055,0.0984694645779989,0.753637170755942
"227236",0.126953993809964,0.214522349990779,0.576641422711807,0.12394678802366,0.0265792980542739,0.846516581545214,0.123960459901005,0.0890662943429877,0.786973245756012
"227237",0.0632231463829871,0.216907939963033,0.622858551784625,0.0628077127992541,0.0227278777404367,0.90968728128218,0.0628908851870615,0.0634132657145602,0.873695849098328
"230205",0.0511963226164461,0.233845716089009,0.589249285502256,0.0529951523527741,0.0369771820203644,0.903515603968753,0.0541064289126847,0.110103961514641,0.83578960957267
"230209",0.123174919861018,0.420498335736989,0.34583491135821,0.131722797806647,0.302482204367834,0.526223402568591,0.123714190598834,0.400268122445546,0.47601768695566
"230210",0.0579115417233249,0.17708033187376,0.631893689545236,0.0326720029733067,0.0228267118856009,0.942211732653989,0.057593288181654,0.0542675248582165,0.888139186960127
"231211",0.0488355543741689,0.205104379066247,0.618599225552422,0.0515305661089505,0.0242062506506666,0.924698374878012,0.0522859430717879,0.0607428547061906,0.886971202222022
"231213",0.0826417552433222,0.239206963558651,0.570039823198244,0.0798573612238234,0.0439547369504362,0.866914021379271,0.0830013201294539,0.107177730467389,0.809820949403159
"231225",0.0872303841610946,0.248374854853478,0.553220788762072,0.090606598269167,0.0471220524148723,0.854185636988373,0.0908240532554446,0.137396650744135,0.771779296000414
"231231",0.0316557227498887,0.221915355791309,0.654751540922734,0.0278273349086173,0.00904387168130246,0.96200967251301,0.0268914367497181,0.0348714174617219,0.938237145788554
"232214",0.0634284812160555,0.234233521977699,0.531082634787753,0.0947567668202912,0.0894450658241429,0.801469440328432,0.0921165628182887,0.172852548640092,0.735030888541551
"232215",0.10268602365077,0.283550885694303,0.495392554380796,0.103844268157318,0.0816066725108637,0.80215948603178,0.10655830573269,0.212788193610399,0.680653500656908
"233214",0.056296522691464,0.235818421319891,0.599025641060309,0.056233601470453,0.0170613267236476,0.92468200725778,0.0564093260512487,0.0529277174700263,0.89066295647887
"233223",0.0282050058934382,0.213310740954138,0.653760968694823,0.0274071503439702,0.0138529217425055,0.954913429445758,0.0290479736828107,0.0417900122869745,0.929162014030214
"234200",0.0451415946466791,0.238662153573183,0.61869791723084,0.0427726700035147,0.0268517711354691,0.920813074942962,0.0439810583716962,0.0788847956152875,0.877134146012557
"234201",0.0419510083358533,0.240544639160646,0.601245174415753,0.0443191152120743,0.0314578127084378,0.91415981779406,0.0443956666988609,0.0990031783535145,0.85660115494743
"234203",0.268877734804368,0.223770018978039,0.408141444841167,0.272177954440787,0.0627766503385212,0.654223455534754,0.27415984375773,0.219482224891018,0.506357931351251
"234209",0.109798627584105,0.212843231148297,0.580711798641412,0.109779811012465,0.0271388086698155,0.862138770251399,0.113059978224811,0.0842968541399885,0.802643167635199
"235202",0.113645205163278,0.226776410946064,0.563843951025292,0.128322740395373,0.0376149500596099,0.827821118852377,0.110905631148328,0.0930675409126526,0.79602682793902
"235203",0.149914039898092,0.195580022198071,0.560174689526925,0.14985172758171,0.0250316981273571,0.821902712868301,0.150311641523931,0.0834871826267814,0.766201175849287
"235204",0.216020274372631,0.17958784089776,0.527124341455339,0.19571477126211,0.0341000121755617,0.770197969739325,0.213366623757895,0.0760625704290621,0.710570805813042
"235205",0.314515654464059,0.214741607207478,0.391433819266954,0.316559490995847,0.0660640511917621,0.597435584386483,0.314511613571516,0.156265289057338,0.529223097371167
"235209",0.0833229464401869,0.204186877919314,0.626748926462134,0.058938678130717,0.0175870416376753,0.921519345066001,0.0809084272139821,0.0362496966428373,0.882841876143175
"235210",0.208060319390979,0.215718693062327,0.49183563408546,0.206942215353215,0.0464325344301693,0.736766134754772,0.202387918876256,0.113861476813914,0.683750604309837
"235211",0.207196895597295,0.218615898843746,0.472708636065358,0.198655239890133,0.0336985826722551,0.764266027589226,0.214761794497426,0.139303404576964,0.645934800925675
"235219",0.177281990299597,0.199777476821788,0.536435159975037,0.169137728139158,0.0331476904067405,0.791020243541958,0.178746945833625,0.0792759583512197,0.741977095815151
"235224",0.309983172181293,0.202253518981305,0.41650162195917,0.310326839627555,0.0577409518925577,0.622233243293874,0.303946271010302,0.168820860187227,0.527232868802468
"235227",0.215196382802895,0.207399930500296,0.494030801908717,0.213579428651482,0.0478766368620327,0.741078554705521,0.21959518665849,0.120916788241488,0.65948802510002
"235233",0.0985908205660295,0.201387290456393,0.582195366698395,0.103009251516545,0.0224747348501356,0.869341965744801,0.10499043098331,0.0653839399514621,0.829625629065227
"235234",0.134232473290347,0.220705782746236,0.536704282926916,0.138904669979088,0.0422999002778359,0.818058046272523,0.139666418623834,0.105826283468321,0.754507297907876
"235237",0.1702161001036,0.206951825834078,0.527245104627679,0.150008863300483,0.0251266016082415,0.823038682172263,0.171664679932198,0.111357378496986,0.716977941570809
"236202",0.0521535673806645,0.273084311275879,0.562351987935616,0.0541824989124579,0.051999785527881,0.891279893194846,0.051490602437572,0.153539412212397,0.794969985350097
"236203",0.0546252303409557,0.262721877112761,0.561267084614785,0.0693885303535126,0.0819342016626606,0.830461944652885,0.0564411771996224,0.173838246177111,0.769720576623157
"236204",0.0509046579811668,0.259602701668722,0.58336271965617,0.0630011497530054,0.0605402954745175,0.858815800072395,0.0518786131043064,0.141381434462022,0.806739952433509
"236205",0.0931020430900607,0.214749875542384,0.583023967864726,0.0913392710778882,0.0263108496769587,0.878942434873652,0.0927339173550125,0.0900349349885898,0.817231147656357
"236209",0.14323291514488,0.292010093419139,0.434782805832376,0.145938079878752,0.0941900877782997,0.733678969439571,0.149117449121856,0.278833207738243,0.572049343139904
"236210",0.116304411907747,0.28510989418396,0.487330359375666,0.12432325307264,0.101437835899309,0.749239465282646,0.120978113619972,0.249926143026821,0.629095743353205
"236212",0.148451359434117,0.210975335264519,0.54407940347935,0.148914271540669,0.0341980820956385,0.811050311304894,0.149382670360708,0.112383100105004,0.738234229534191
"236213",0.0827547893171229,0.24188234733476,0.552328634892806,0.0488388376067099,0.032732370654989,0.90918184033826,0.0854488849141098,0.155045923421612,0.759505191664292
"236216",0.196049389580115,0.322741778548444,0.380704234822063,0.132019683669745,0.0794208517032823,0.748996237353307,0.191239000128517,0.32213093159598,0.486630068275015
"237200",0.131683071208197,0.216029991297646,0.566130715383429,0.130202800600444,0.0461258982085476,0.813235373695723,0.129662999255953,0.121309882642848,0.749027118101195
"237202",0.186502224835294,0.255224686466153,0.461128062357428,0.18356486380877,0.0708714069701221,0.732785424502852,0.182617918122396,0.211011431321853,0.606370650555701
"237205",0.279409228431708,0.31412853545179,0.299401172709226,0.27998871449742,0.154947893437108,0.521936446927338,0.283658334068513,0.380704895462628,0.335636770468637
"237206",0.233492489113353,0.244605126479336,0.424145031192953,0.230430186667297,0.071514251849358,0.687603402963441,0.230066830063241,0.252152294594474,0.517780875342281
"237207",0.230740829166289,0.216542527727621,0.447485779124791,0.233556380753402,0.0497154068030667,0.706829778852123,0.230593744862242,0.171171334644125,0.598234920493542
"238204",0.148439606434646,0.373942089684901,0.364104333236488,0.149863276391313,0.143594554612518,0.676593946710921,0.145031721802616,0.415620561902017,0.439347716295373
"238208",0.123403483145183,0.30580272209718,0.481191682954439,0.117703636484753,0.0994954396077631,0.752695050900846,0.12253909687601,0.223579064942666,0.653881838181321
"238219",0.137928062174572,0.237241781033849,0.496980791387296,0.129770608767831,0.0505636720724565,0.807491467255313,0.146162003214176,0.188544379242725,0.665293617543096
"238223",0.136804772544262,0.224656587727912,0.535245843474965,0.136775670565617,0.0331703896152512,0.822383674505357,0.135762706051342,0.130045695368828,0.73419159857983
"238229",0.141640135430353,0.238634913879944,0.517969830979449,0.135424977920918,0.0381765252463927,0.818510866797368,0.139440203163083,0.119630554158845,0.740929242678073
"238230",0.100765519341304,0.215133750444211,0.576656486191335,0.102005139154046,0.0242039663414848,0.868859767397781,0.102042322284197,0.0881739666937003,0.809783711022192
"238231",0.251144770443109,0.265201102973427,0.392677110001187,0.256901123334066,0.0914220519426884,0.641278943142795,0.251686641117688,0.228668588721688,0.519644770160616
"238235",0.140657124151296,0.220320042178452,0.532583514090102,0.140433088241066,0.0401393544925955,0.813272284650236,0.141970909289921,0.127516447123155,0.730512643586925
"225020A",0.257173455271834,0.209833047968213,0.445196389303868,0.213756859718746,0.0613990190075684,0.713318997295102,0.251102561941286,0.166362556291315,0.582534881767393
"225110A",NA,NA,NA,0.232681290016991,0.0473359535788751,0.70761913531787,NA,NA,NA
"229650A",NA,NA,NA,0.306677026609107,0.157315030781829,0.478105281079056,NA,NA,NA
"229661A",0.368451042793936,0.187604073104791,0.373167406098982,0.380333157051294,0.10021575305725,0.527138370319887,0.370078851235676,0.223989648492911,0.405931500271403
"A2390519",0.116575574219397,0.267455200228409,0.500812643647979,0.121220745697953,0.0545441000692444,0.826623833876462,0.115453450808184,0.191329658029193,0.69321689116262
"A2390523",0.196303418990533,0.329623475442145,0.329601574997562,0.275896468410138,0.12842613252644,0.572943637289197,0.208216705575053,0.406801927715782,0.384981366709123
"A2390531",0.0647882464662648,0.267771913218949,0.52659290435989,0.0635283832914011,0.0529221718588967,0.876686802900938,0.0645840555412948,0.20858857934681,0.726827365111617
"602004",0.0542330678534165,0.235592044544455,0.598306899685106,0.0534890175106249,0.0263168735686486,0.910987545796488,0.0536117602467893,0.0951923671952205,0.851195872557991
"603003",0.10475696110463,0.268919387750175,0.5227478423259,0.0991076474200568,0.0516307114391667,0.836725780657648,0.0999284262056815,0.161086243598474,0.738985330195891
"603004",0.137545901444042,0.253781593535695,0.496144797890412,0.136650011255725,0.0493992893849865,0.797622611208105,0.139221992294787,0.167787640125928,0.692990367579284
"603005",0.199611515936597,0.251594577523085,0.461589218672476,0.19253210026962,0.0635963218247965,0.731563308485632,0.194725803042873,0.177159684303885,0.628114512653231
"603007",0.0520227670497241,0.187404895873422,0.634385406891587,0.0559105461056886,0.00883063004419767,0.932229810110958,0.0558123203678597,0.0377655805288787,0.906422099103258
"603136",0.201913221299442,0.262259326953651,0.416673935304117,0.208733079408315,0.0665508517517701,0.711313945673461,0.211803897439126,0.217970075614358,0.570226026946537
"603190",0.117068982396881,0.253760547942754,0.521111530574099,0.116573399398952,0.0368442944201935,0.840238611587174,0.117591796030937,0.123301128032682,0.759107075936384
"604001",0.186269992119731,0.275691015160887,0.431329932965794,0.18044005960261,0.0716380929441693,0.719682798052563,0.177093053663046,0.240616597150431,0.582290349186535
"604053",0.262220813895405,0.245339846066405,0.390942782296917,0.260771575794559,0.0650116656980133,0.658902869482691,0.262214036217523,0.224968377499631,0.512817586282843
"605012",0.273853019807505,0.23737127665423,0.392793853650718,0.271398304499677,0.0662614428926391,0.645088907456199,0.272704754672774,0.226453070612583,0.500842174714747
"606001",0.336924452127815,0.230023855813231,0.344070687677024,0.332821887654397,0.0708786459976521,0.582247928055879,0.337710023158949,0.213437266739693,0.448852710101399
"606002",0.322893258357416,0.206920247705011,0.372915793844484,0.323482336052314,0.0542487460091671,0.608612709233267,0.324132008273501,0.166465734379742,0.509402257346757
"606185",0.417754633325117,0.161811793245062,0.334894135287044,0.372915459038738,0.054537835554479,0.551160282505787,0.425249365694465,0.134137961351554,0.44061267295398
"606195",0.390076839635522,0.20035341701928,0.326282062103894,0.38505964940328,0.0520065141985721,0.54873314894309,0.389396681410276,0.160903653258787,0.449699665330938
"607003",0.331737849254855,0.236583638878864,0.332940749581179,0.323303335296153,0.0720520234253446,0.587116012144471,0.325197280694366,0.233248908780293,0.441553810525117
"607004",0.216741268712986,0.273926076356497,0.389227810430058,0.234673039600019,0.0825148857109533,0.675572675680045,0.228186336071829,0.238773056623537,0.533040607304632
"607007",0.220175343555256,0.225929229685783,0.449276439382419,0.211410624587585,0.0539506186670531,0.716865495155856,0.212480516454403,0.177501856113463,0.61001762743223
"607013",0.485903858510872,0.189297210608102,0.253301633026748,0.481631992158572,0.0738053419842874,0.434501343129967,0.482322584155387,0.187637644024901,0.33003977181972
"607144",0.342353683482271,0.24761659596165,0.33079475919323,0.341060802008321,0.0779603262347209,0.571635671452444,0.344644265602687,0.227269015076128,0.428086719321764
"607155",0.372756520966735,0.164131963317953,0.39319383606876,0.354437834918134,0.0329747539303078,0.605431000956509,0.369521529769818,0.0969020493256896,0.533576420904483
"607220",0.422330486650739,0.216786133168197,0.260604502887983,0.430487341568488,0.0783710481550077,0.477603491783825,0.433568190553045,0.229485986827866,0.336945822619103
"608002",0.409845244665446,0.184126513921307,0.328880943394714,0.406473800005781,0.062935854509736,0.519299781197811,0.409711466563062,0.132396540364847,0.457891993072096
"608151",0.421964623107504,0.24410739694377,0.269055238842647,0.413425875258093,0.0892471335592601,0.489129702349002,0.414383114106623,0.241150193393436,0.344466692500022
"609002",0.435401500729381,0.201865194360814,0.279432828965918,0.428976318434024,0.0639294846144768,0.495264108156256,0.429614781674705,0.21200567202651,0.358379546298496
"609005",0.0619856251009979,0.216712093285437,0.614715229597783,0.0593863858004699,0.0155176414812721,0.917494380539614,0.0605334518351334,0.0470829711211714,0.89238357704318
"609010",0.0324104445811866,0.233891105540823,0.634085879849251,0.0276009822141871,0.0222734471303402,0.942473839525757,0.0276743480100251,0.0880997120117664,0.88422593997821
"609018",0.316603891952859,0.228700715156989,0.341199226815673,0.334741914593067,0.0788063482568612,0.578535259457072,0.322531875914995,0.218490871683791,0.458977252401694
"610001",0.484555599743616,0.224827272511045,0.231397162660144,0.477567220231795,0.0804145225198013,0.434285721106518,0.471486224636277,0.224618312267497,0.303895463096413
"610008",0.419188158466437,0.223668405323698,0.277980786850003,0.455566448872244,0.111281372212323,0.44757799486304,0.428422277557062,0.226924074796234,0.344653647646678
"611004",0.329292337823275,0.200663168160371,0.389493331982451,0.322756356482556,0.0497812503705903,0.616168249744006,0.32168221039762,0.163558780913626,0.514759008688824
"611111",0.298511941845094,0.232594296819461,0.380898696035254,0.294037626653064,0.0622415821714978,0.635799409549296,0.294713558970659,0.19234729781277,0.512939143216562
"612001",0.162683660728941,0.236884494451402,0.478829838424685,0.163334446981929,0.050587750218614,0.777145105816693,0.167022570904303,0.18056316630326,0.652414262792082
"612014",0.136006516359225,0.236883511173397,0.509061538192611,0.138122494713384,0.0509744984474962,0.800480007972989,0.138807539591445,0.184405902953852,0.6767865574547
"612025",0.163898112541082,0.24352867613039,0.478849277048834,0.174898917834723,0.0558811624653622,0.756668140286619,0.166761762184476,0.194894602827973,0.638343634987524
"612034",0.190857843165367,0.270077462538914,0.437307655682912,0.109410657178854,0.0607653093150416,0.825864894320643,0.189002101108245,0.241069678296175,0.569928220595548
"612230",0.131620677420721,0.211671702402903,0.548878146515144,0.134323834170488,0.0214994429241464,0.838294275413574,0.133647048078004,0.0790182930274036,0.787334658894637
"613002",0.416795570017792,0.28608175684475,0.23793698827627,0.415644210948204,0.144076512770215,0.423667064126279,0.406126593147707,0.289945459421836,0.303927947430489
"613146",0.301052497710534,0.279411824693327,0.349915232338973,0.305334193015057,0.107351236890529,0.57905671230517,0.297163242363429,0.225474622045627,0.477362135590942
"614006",0.384212945185629,0.171161896475702,0.345863261642401,0.29146044142004,0.0633951293822614,0.631298825299835,0.390679653982071,0.16544527713254,0.44387506888539
"614037",0.208544734776511,0.214375654294742,0.452928135268407,0.215794058380225,0.0558480650158926,0.72911542785073,0.214799744144911,0.181916023065575,0.603284232789514
"614044",0.226985233130992,0.250606079799594,0.426373449014709,0.202589506986597,0.114483117089901,0.685796322740558,0.227226891928004,0.216201051283179,0.556572056788258
"614196",0.279687661082669,0.201349620383048,0.427087787350511,0.211216307406326,0.0418508872038295,0.732495074622325,0.274679718280364,0.151435443100801,0.573884838618834
"614224",0.208357620982851,0.224778452814226,0.438863709380344,0.215591698743156,0.0545230160886263,0.716583539765823,0.218341341997924,0.193485339118526,0.588173318883533
"616001",0.397464737001582,0.165177422769043,0.362983323300137,0.345962720993599,0.0546696653724765,0.587883945891187,0.392394566730522,0.13535463895517,0.472250794314305
"616002",0.156776962154262,0.261669090630459,0.455794841538079,0.107560540110861,0.0687271027239316,0.817298219776603,0.154351584459357,0.246586795763513,0.599061619777121
"616006",0.409305678392632,0.220795463696604,0.281830470524891,0.406997118086955,0.0810479573374531,0.486579021934874,0.40659974235039,0.267510753234887,0.325889504414762
"616013",0.19052218231429,0.277179894213758,0.409620968786813,0.146692940421811,0.0741443368369845,0.770084973165401,0.184843002567866,0.251660697304252,0.563496300127849
"616019",0.433732429399894,0.210203686186018,0.268798426653934,0.419527396029355,0.0813220211540231,0.492015228862311,0.437108689171987,0.24857988905078,0.314311421777235
"616041",0.302660507091268,0.306723241979014,0.313058647157167,0.309880453169448,0.124919029775875,0.558485167009447,0.309237854071735,0.278091439214593,0.41267070671367
"616065",0.405933634424665,0.157468506029414,0.373230671222061,0.290068135127077,0.086648765111331,0.621517722492676,0.378485562619701,0.205118901267317,0.416395536112987
"616178",0.319127235265175,0.220535275136076,0.372140290262263,0.313196265253804,0.0744122714594649,0.618340865475217,0.322541943204531,0.165380997918691,0.512077058876768
"616216",0.160102244127466,0.275707398335279,0.425295945367418,0.16169495887992,0.0823334259042274,0.745884750488146,0.167267648552662,0.277578865546553,0.555153485900796
"617002",0.0681563621233137,0.254926694683888,0.593144679166408,0.061507949853547,0.0262448887377271,0.910604012576211,0.0603673923339713,0.0963946547157496,0.843237952950277
"617003",0.399557488600967,0.251523142336308,0.272430685856499,0.396916766784489,0.0913433800698895,0.497023785753337,0.397911045281035,0.243551556941779,0.358537397776849
"802055",0.176601743273631,0.219977880074913,0.497341613616962,0.188159501299125,0.0373814094028504,0.765820043994997,0.184225197821216,0.143053342801801,0.672721459376916
"803003",0.128182981208964,0.174679722819371,0.600040337381168,0.110373657051853,0.0180857230801483,0.870352867244389,0.130231479357714,0.0799015986960088,0.789866921946278
"804001",0.163635148179061,0.207565398784472,0.528588594872023,0.143180005654087,0.039927430747494,0.805632252301003,0.156906945240712,0.133509023948367,0.709584030810915
"809310",0.0739253546737316,0.184764757900833,0.612153144283942,0.0591023956247553,0.0154454271429987,0.922985782877752,0.0782760210067891,0.0591292857178261,0.862594693275382
"809315",0.0751216988000227,0.225855078594413,0.586113161011623,0.0770495582832286,0.0226334143751922,0.899150803871369,0.0782726556222278,0.0846294647931858,0.837097879584591
"809316",0.0756805913403076,0.187941697162933,0.575736855753732,0.0771445668826498,0.0220205567538172,0.899566153500512,0.0949988726363305,0.0895942997342697,0.815406827629401
"809321",0.0943282793351062,0.235147610254834,0.55770325244403,0.0934367629175842,0.0273268041470253,0.877341661232548,0.0942117864396656,0.095770428227693,0.810017785332638
"809322",0.0964129195808806,0.206528778569481,0.580371307052523,0.0910776989081842,0.0281131181738572,0.875080236866417,0.10313997182111,0.107066259546728,0.789793768632161
"G8110004",0.162702674249282,0.161543350405591,0.585664400933368,0.14021032495766,0.0363569013994002,0.815676279156255,0.162567574771162,0.0663152731899565,0.771117152038877
"G8110016",NA,NA,NA,0.0806720070585409,0.0134391860483965,0.90900878711828,NA,NA,NA
"G8140001",0.343232710661929,0.12251034149669,0.447203955175794,0.303748561116891,0.0395981225835913,0.649266987416577,0.329708165876177,0.124478521464619,0.545813312659208
"G8140008",0.298756195756001,0.135922672441048,0.479815342435658,0.170750250887962,0.0167689814693519,0.812024844095294,0.304318087846429,0.0912045051111101,0.60447740704245
"G8140011",0.171515018475107,0.17053712480431,0.589373198362859,0.0953032323293146,0.0401091011904668,0.862553689559775,0.164743192347608,0.166258003413677,0.66899880423872
"G8140040",0.344310856678366,0.147015216537415,0.419248072267755,0.352472668509816,0.0677424605015479,0.586880531099854,0.363089420397517,0.178554129343249,0.458356450259241
"G8140063",0.285115894556979,0.18786645087728,0.446342951933352,0.113471434312867,0.029717893281465,0.853237249887237,0.28639743108053,0.166929409773895,0.546673159145612
"G8140067",NA,NA,NA,0.304426279859833,0.0540828572856834,0.630356121338554,NA,NA,NA
"G8140161",NA,NA,NA,0.208848137368719,0.0338934982879432,0.749037648283634,NA,NA,NA
"G8150010",0.247216013898877,0.136882191069553,0.518311246393401,0.232861170520901,0.0304094642745153,0.732569757206771,0.253216985485858,0.0995897378002846,0.647193276713851
"G8150018",NA,NA,NA,NA,NA,NA,NA,NA,NA
"G8150098",0.209732783601282,0.202727810824863,0.52285080420166,0.166757144873348,0.0203662357586304,0.809912936576797,0.192559040000703,0.101495184015684,0.705945775983526
"G8150180",0.237382965534692,0.166507053084412,0.521539882272317,0.220364718481262,0.0310295214062908,0.740211580341253,0.231074048608493,0.0829958054316298,0.685930145959882
"G8170002",NA,NA,NA,0.160021597423503,0.0197041167270493,0.826094909479224,NA,NA,NA
"G8190001",0.154086216028532,0.186524506403438,0.615281145954458,0.147036978505148,0.0211799558493601,0.835557634583064,0.153480812308996,0.0915293609860778,0.754989826704904
"G8200045",0.320308741314735,0.103712292547939,0.485334294501933,0.226622055110289,0.0301877739801459,0.739283836139849,0.329554420092018,0.0663877959599166,0.604057783948056
"G8210010",NA,NA,NA,NA,NA,NA,NA,NA,NA
"302200",NA,NA,NA,0.0277930859794871,0.0219818842754346,0.945340702614922,NA,NA,NA
"302208",0.0210919756768612,0.23673653730061,0.625670838894241,0.0214954782496581,0.0160693521937889,0.957685175060777,0.0211140883347186,0.055902650937574,0.922983260727708
"302214",0.0807979557479241,0.168171981022894,0.655059034198024,0.052665421121109,0.0127268644943221,0.930624811832677,0.0765363295416202,0.0531503923826492,0.870313278075708
"303203",0.0530370720776686,0.20056353640066,0.628816069800004,0.0347300943332898,0.0307034621148054,0.928725853945657,0.0542289992088423,0.0651012259835863,0.880669774807569
"304040",0.21726982604376,0.224089870076947,0.469674131319293,0.214687950658673,0.0424352347553544,0.728718854742083,0.216238013510625,0.138415186728159,0.64534679976119
"304497",0.346516475159163,0.190246539135241,0.386577727909269,0.343022536258397,0.0381142421792709,0.609411283706553,0.347569335090244,0.141642241380356,0.510788423529168
"304499",0.207738528003761,0.219331896940561,0.490604151109938,0.204576214554789,0.0353828387860473,0.74928701422547,0.203560775133959,0.123096026305186,0.673343198560857
"305202",0.0333780815403703,0.226241609933837,0.620042849684986,0.034921906074993,0.0235090625822158,0.931165271207199,0.0347226003201161,0.0630993201027847,0.902178079577105
"306119",0.134078058951484,0.18836272065756,0.581499775355714,0.116202348453548,0.0202473444606888,0.863042340807636,0.137941930394951,0.075020196101597,0.787037873503449
"307473",0.141098068961554,0.186376265677834,0.582623737371609,0.12049524613429,0.0117765853844335,0.865452448178844,0.13722057019847,0.0442375093633872,0.818541920438517
"308145",0.111003260790493,0.221306741804009,0.565435534713752,0.115690167820452,0.0205587767199801,0.857663194987291,0.11366810804807,0.07423606899504,0.812095822956866
"308799",0.12464377003926,0.191935285504961,0.579296975958696,0.134310970487004,0.013241778200642,0.849917641034989,0.126442946949966,0.0625357905483037,0.811021262501772
"312061",0.357479119632487,0.184471606551861,0.392082428124584,0.35210811633853,0.0365245816272602,0.602361312018483,0.352721309502659,0.114358846418299,0.532919844078294
"314207",0.27933478733455,0.186451865822183,0.446784244982377,0.282366972933355,0.043404270138967,0.666771199142294,0.284926247924727,0.113528350700242,0.601545401374683
"314212",0.33255799516926,0.173823467892564,0.395204949600946,0.336790317163189,0.0650099506495661,0.586568604475381,0.341190508327506,0.162638771868411,0.496170719804094
"314213",0.318707510888469,0.165591139230512,0.463619960879181,0.258339494412709,0.0367628394132657,0.697874674770201,0.288615348624337,0.103035814967298,0.608348836408367
"314214",0.389678555486286,0.160910350214367,0.373315027600463,0.395507423116579,0.0483317329714337,0.544062763330647,0.397774047418961,0.113089368110183,0.489136584470857
"315450",0.192162788219953,0.204793851148247,0.514221292061989,0.190917675860805,0.0216162901792608,0.780423620360641,0.192402844292587,0.0758407913360818,0.731756364371011
"316624",0.282053616704568,0.187544297521864,0.451180974130995,0.278655440582343,0.0244605749204315,0.692135670519357,0.281178753995185,0.0867831154383357,0.632038130566546
"317200",0.1764576443946,0.194903825287541,0.537230928268067,0.151223813033349,0.0408125126852355,0.800496446920092,0.174326128283182,0.0794258030431612,0.746248068673632
"318076",0.259488951677063,0.220852554020357,0.452660697772853,0.217632631726291,0.065973419812767,0.699885403779878,0.240302329094912,0.161385949274252,0.598311721630961
"318150",0.056282211316333,0.23869813527662,0.591740303323297,0.0532135042723689,0.0397436463958248,0.891399317831367,0.0573593765428715,0.0936116226813753,0.849029000775749
"318181",0.114368402707608,0.203416791893151,0.606152263679225,0.0695779267604015,0.0453244349717467,0.870930690539902,0.102402484683608,0.0720078154103406,0.825589699906177
"318191",0.0794307256365057,0.155682202203934,0.647569469876142,0.0375240908381615,0.01442199423907,0.944211997472525,0.0834478567461934,0.0472248126280435,0.869327330625762
"318311",NA,NA,NA,0.0600735789616862,0.0227131122933616,0.907296341162123,NA,NA,NA
"319204",0.232271678913445,0.131600322693535,0.573088433018594,0.150967073428111,0.035208436231486,0.80369097353934,0.226966432478612,0.0795474199556996,0.693486147565797
