"","poi_gage_id","poi_gage_id_0"
"1",136230002,"0136230002"
"2",142400103,"0142400103"
"3",163626650,"0163626650"
"4",204382800,"0204382800"
"5",208111310,"0208111310"
"6",208650112,"0208650112"
"7",344894205,"0344894205"
"8",357479650,"0357479650"
"9",810464660,"0810464660"
"10",73274406,"073274406"
"11",1013500,"01013500"
"12",1017550,"01017550"
"13",1021470,"01021470"
"14",1021480,"01021480"
"15",1022260,"01022260"
"16",1022330,"01022330"
"17",1022500,"01022500"
"18",1023000,"01023000"
"19",1027200,"01027200"
"20",1029200,"01029200"
"21",1030500,"01030500"
"22",1031300,"01031300"
"23",1031500,"01031500"
"24",1033500,"01033500"
"25",1037380,"01037380"
"26",1044550,"01044550"
"27",1046000,"01046000"
"28",1047000,"01047000"
"29",1052500,"01052500"
"30",1054200,"01054200"
"31",1054300,"01054300"
"32",1055000,"01055000"
"33",1057000,"01057000"
"34",1064300,"01064300"
"35",1064400,"01064400"
"36",1064801,"01064801"
"37",1073000,"01073000"
"38",1074520,"01074520"
"39",1075800,"01075800"
"40",1078000,"01078000"
"41",1084500,"01084500"
"42",1085800,"01085800"
"43",1086000,"01086000"
"44",1091000,"01091000"
"45",1093800,"01093800"
"46",1115630,"01115630"
"47",1115770,"01115770"
"48",1117370,"01117370"
"49",1117800,"01117800"
"50",1118300,"01118300"
"51",1120500,"01120500"
"52",1121000,"01121000"
"53",1123000,"01123000"
"54",1127880,"01127880"
"55",1130000,"01130000"
"56",1134500,"01134500"
"57",1135000,"01135000"
"58",1135150,"01135150"
"59",1135300,"01135300"
"60",1137500,"01137500"
"61",1138000,"01138000"
"62",1139000,"01139000"
"63",1139800,"01139800"
"64",1141800,"01141800"
"65",1142500,"01142500"
"66",1144000,"01144000"
"67",1145000,"01145000"
"68",1150900,"01150900"
"69",1153500,"01153500"
"70",1154000,"01154000"
"71",1155000,"01155000"
"72",1162500,"01162500"
"73",1165500,"01165500"
"74",1169000,"01169000"
"75",1170100,"01170100"
"76",1174000,"01174000"
"77",1174565,"01174565"
"78",1174600,"01174600"
"79",1174900,"01174900"
"80",1180000,"01180000"
"81",1181000,"01181000"
"82",1187300,"01187300"
"83",1187400,"01187400"
"84",1187800,"01187800"
"85",1188000,"01188000"
"86",1193500,"01193500"
"87",1194000,"01194000"
"88",1194500,"01194500"
"89",1195100,"01195100"
"90",1195200,"01195200"
"91",1198000,"01198000"
"92",1199200,"01199200"
"93",1203805,"01203805"
"94",1208950,"01208950"
"95",1208990,"01208990"
"96",4296000,"04296000"
"97",1319000,"01319000"
"98",1333000,"01333000"
"99",1333500,"01333500"
"100",1343060,"01343060"
"101",1349711,"01349711"
"102",1349840,"01349840"
"103",1350000,"01350000"
"104",1350080,"01350080"
"105",1350140,"01350140"
"106",1361500,"01361500"
"107",1362198,"01362198"
"108",1362497,"01362497"
"109",1363382,"01363382"
"110",1364959,"01364959"
"111",1365000,"01365000"
"112",1409810,"01409810"
"113",1411300,"01411300"
"114",1413408,"01413408"
"115",1413500,"01413500"
"116",1414000,"01414000"
"117",1414500,"01414500"
"118",1415000,"01415000"
"119",1418500,"01418500"
"120",1419500,"01419500"
"121",1421618,"01421618"
"122",1422389,"01422389"
"123",1422500,"01422500"
"124",1422738,"01422738"
"125",1422747,"01422747"
"126",1423000,"01423000"
"127",1434017,"01434017"
"128",1434021,"01434021"
"129",1434025,"01434025"
"130",1439500,"01439500"
"131",1440000,"01440000"
"132",1440400,"01440400"
"133",1448500,"01448500"
"134",1451800,"01451800"
"135",1466500,"01466500"
"136",1471875,"01471875"
"137",1484000,"01484000"
"138",1484100,"01484100"
"139",1485000,"01485000"
"140",1485500,"01485500"
"141",1486000,"01486000"
"142",1487000,"01487000"
"143",1490000,"01490000"
"144",1491000,"01491000"
"145",1492000,"01492000"
"146",1492500,"01492500"
"147",1493500,"01493500"
"148",1502000,"01502000"
"149",1502500,"01502500"
"150",1505500,"01505500"
"151",1510000,"01510000"
"152",1510500,"01510500"
"153",1514000,"01514000"
"154",1516500,"01516500"
"155",1517000,"01517000"
"156",1518862,"01518862"
"157",1525981,"01525981"
"158",1526000,"01526000"
"159",1527000,"01527000"
"160",1527500,"01527500"
"161",1528000,"01528000"
"162",1532000,"01532000"
"163",1539000,"01539000"
"164",1542810,"01542810"
"165",1543000,"01543000"
"166",1543500,"01543500"
"167",1544500,"01544500"
"168",1545600,"01545600"
"169",1547700,"01547700"
"170",1548500,"01548500"
"171",1549500,"01549500"
"172",1550000,"01550000"
"173",1552000,"01552000"
"174",1552500,"01552500"
"175",1557500,"01557500"
"176",1566000,"01566000"
"177",1567500,"01567500"
"178",1568000,"01568000"
"179",1572950,"01572950"
"180",1580000,"01580000"
"181",1581810,"01581810"
"182",1581830,"01581830"
"183",1581870,"01581870"
"184",1581960,"01581960"
"185",1583000,"01583000"
"186",1583500,"01583500"
"187",1583580,"01583580"
"188",1586610,"01586610"
"189",1591400,"01591400"
"190",1594936,"01594936"
"191",1594950,"01594950"
"192",1596500,"01596500"
"193",1597000,"01597000"
"194",1601000,"01601000"
"195",1603500,"01603500"
"196",1605500,"01605500"
"197",1606000,"01606000"
"198",1606500,"01606500"
"199",1609000,"01609000"
"200",1610155,"01610155"
"201",1611500,"01611500"
"202",1613050,"01613050"
"203",1613900,"01613900"
"204",1614000,"01614000"
"205",1614090,"01614090"
"206",1620500,"01620500"
"207",1630700,"01630700"
"208",1632000,"01632000"
"209",1632900,"01632900"
"210",1634500,"01634500"
"211",1635090,"01635090"
"212",1636210,"01636210"
"213",1636690,"01636690"
"214",1638480,"01638480"
"215",1639500,"01639500"
"216",1640500,"01640500"
"217",1641500,"01641500"
"218",1643700,"01643700"
"219",1644000,"01644000"
"220",1656500,"01656500"
"221",1658500,"01658500"
"222",1659000,"01659000"
"223",1659500,"01659500"
"224",1661000,"01661000"
"225",1661050,"01661050"
"226",1661800,"01661800"
"227",1662000,"01662000"
"228",1662500,"01662500"
"229",1662800,"01662800"
"230",1663500,"01663500"
"231",1664000,"01664000"
"232",1665500,"01665500"
"233",1666500,"01666500"
"234",1667500,"01667500"
"235",1669000,"01669000"
"236",1669520,"01669520"
"237",1670000,"01670000"
"238",1673638,"01673638"
"239",2011400,"02011400"
"240",2011460,"02011460"
"241",2013000,"02013000"
"242",2014000,"02014000"
"243",2015700,"02015700"
"244",2016000,"02016000"
"245",2017500,"02017500"
"246",2018000,"02018000"
"247",2024915,"02024915"
"248",2027000,"02027000"
"249",2027500,"02027500"
"250",2028500,"02028500"
"251",2030500,"02030500"
"252",2032640,"02032640"
"253",2034500,"02034500"
"254",2038850,"02038850"
"255",4273700,"04273700"
"256",4273800,"04273800"
"257",4276842,"04276842"
"258",4278300,"04278300"
"259",4280350,"04280350"
"260",4282525,"04282525"
"261",4282650,"04282650"
"262",4282780,"04282780"
"263",2043500,"02043500"
"264",2044000,"02044000"
"265",2046000,"02046000"
"266",2051000,"02051000"
"267",2051500,"02051500"
"268",2051600,"02051600"
"269",2052500,"02052500"
"270",2053200,"02053200"
"271",2053800,"02053800"
"272",2055100,"02055100"
"273",2056900,"02056900"
"274",2059500,"02059500"
"275",2061000,"02061000"
"276",2064000,"02064000"
"277",2065500,"02065500"
"278",2066500,"02066500"
"279",2069700,"02069700"
"280",2070000,"02070000"
"281",2070500,"02070500"
"282",2074500,"02074500"
"283",2077200,"02077200"
"284",2079640,"02079640"
"285",2081500,"02081500"
"286",2082770,"02082770"
"287",2082950,"02082950"
"288",2084160,"02084160"
"289",2084557,"02084557"
"290",2085220,"02085220"
"291",2086000,"02086000"
"292",2091000,"02091000"
"293",2092500,"02092500"
"294",2096846,"02096846"
"295",2101000,"02101000"
"296",2102908,"02102908"
"297",2105900,"02105900"
"298",2108000,"02108000"
"299",2108500,"02108500"
"300",2110500,"02110500"
"301",2111180,"02111180"
"302",2111500,"02111500"
"303",2112120,"02112120"
"304",2112360,"02112360"
"305",2115500,"02115500"
"306",2118500,"02118500"
"307",2123567,"02123567"
"308",2125000,"02125000"
"309",2128000,"02128000"
"310",2135300,"02135300"
"311",2137727,"02137727"
"312",2140991,"02140991"
"313",2142000,"02142000"
"314",2143000,"02143000"
"315",2143040,"02143040"
"316",2147126,"02147126"
"317",2147500,"02147500"
"318",2149000,"02149000"
"319",2152100,"02152100"
"320",2157470,"02157470"
"321",2157490,"02157490"
"322",2167450,"02167450"
"323",2171680,"02171680"
"324",2174250,"02174250"
"325",2177000,"02177000"
"326",2178400,"02178400"
"327",2192500,"02192500"
"328",2193340,"02193340"
"329",2196000,"02196000"
"330",2197300,"02197300"
"331",2198100,"02198100"
"332",2198690,"02198690"
"333",2202600,"02202600"
"334",2204130,"02204130"
"335",2212600,"02212600"
"336",2213050,"02213050"
"337",2215100,"02215100"
"338",2216180,"02216180"
"339",2220550,"02220550"
"340",2221000,"02221000"
"341",2221525,"02221525"
"342",2226100,"02226100"
"343",2227000,"02227000"
"344",2228500,"02228500"
"345",2229000,"02229000"
"346",2231000,"02231000"
"347",2231268,"02231268"
"348",2231280,"02231280"
"349",2231342,"02231342"
"350",2235200,"02235200"
"351",2236500,"02236500"
"352",2244473,"02244473"
"353",2245255,"02245255"
"354",2245500,"02245500"
"355",2246000,"02246000"
"356",2246150,"02246150"
"357",2266200,"02266200"
"358",2268390,"02268390"
"359",2295013,"02295013"
"360",2296500,"02296500"
"361",2297155,"02297155"
"362",2297310,"02297310"
"363",2298123,"02298123"
"364",2298488,"02298488"
"365",2298495,"02298495"
"366",2298530,"02298530"
"367",2298608,"02298608"
"368",2299950,"02299950"
"369",2300700,"02300700"
"370",2310147,"02310147"
"371",2310947,"02310947"
"372",2312200,"02312200"
"373",2313700,"02313700"
"374",2314500,"02314500"
"375",2315000,"02315000"
"376",2315500,"02315500"
"377",2315550,"02315550"
"378",2321000,"02321000"
"379",2322800,"02322800"
"380",2324400,"02324400"
"381",2326000,"02326000"
"382",2326512,"02326512"
"383",2327033,"02327033"
"384",2327100,"02327100"
"385",2330400,"02330400"
"386",2331000,"02331000"
"387",2338523,"02338523"
"388",2342850,"02342850"
"389",2342933,"02342933"
"390",2343300,"02343300"
"391",2343940,"02343940"
"392",2349900,"02349900"
"393",2350600,"02350600"
"394",2350900,"02350900"
"395",2361000,"02361000"
"396",2362240,"02362240"
"397",2363000,"02363000"
"398",2364500,"02364500"
"399",2364570,"02364570"
"400",2365470,"02365470"
"401",2365769,"02365769"
"402",2366996,"02366996"
"403",2367000,"02367000"
"404",2367310,"02367310"
"405",2369800,"02369800"
"406",2370000,"02370000"
"407",2370700,"02370700"
"408",2371200,"02371200"
"409",2371500,"02371500"
"410",2372250,"02372250"
"411",2373000,"02373000"
"412",2373500,"02373500"
"413",2374500,"02374500"
"414",2374745,"02374745"
"415",2374950,"02374950"
"416",2381600,"02381600"
"417",2384540,"02384540"
"418",2388000,"02388000"
"419",2389000,"02389000"
"420",2390000,"02390000"
"421",2395120,"02395120"
"422",2408500,"02408500"
"423",2408540,"02408540"
"424",2410000,"02410000"
"425",2415000,"02415000"
"426",2422000,"02422000"
"427",2422500,"02422500"
"428",2425500,"02425500"
"429",2427250,"02427250"
"430",2427700,"02427700"
"431",2428500,"02428500"
"432",2429980,"02429980"
"433",2430085,"02430085"
"434",2430615,"02430615"
"435",2430880,"02430880"
"436",2433000,"02433000"
"437",2438000,"02438000"
"438",2444000,"02444000"
"439",2448900,"02448900"
"440",2450250,"02450250"
"441",2450825,"02450825"
"442",2464000,"02464000"
"443",2464146,"02464146"
"444",2464360,"02464360"
"445",2465493,"02465493"
"446",2467500,"02467500"
"447",2468500,"02468500"
"448",2469800,"02469800"
"449",2470072,"02470072"
"450",2472000,"02472000"
"451",2472500,"02472500"
"452",2472850,"02472850"
"453",2479155,"02479155"
"454",2479300,"02479300"
"455",2479431,"02479431"
"456",2479500,"02479500"
"457",2479560,"02479560"
"458",2479945,"02479945"
"459",2481000,"02481000"
"460",2481510,"02481510"
"461",2483500,"02483500"
"462",2488700,"02488700"
"463",2490105,"02490105"
"464",4014500,"04014500"
"465",4015330,"04015330"
"466",4024098,"04024098"
"467",4024430,"04024430"
"468",4027000,"04027000"
"469",4031000,"04031000"
"470",4031500,"04031500"
"471",4032000,"04032000"
"472",4033000,"04033000"
"473",4035000,"04035000"
"474",4040500,"04040500"
"475",4042500,"04042500"
"476",4043050,"04043050"
"477",4043150,"04043150"
"478",4045500,"04045500"
"479",4046000,"04046000"
"480",4055000,"04055000"
"481",4056500,"04056500"
"482",4057510,"04057510"
"483",4057800,"04057800"
"484",4059500,"04059500"
"485",4062200,"04062200"
"486",4063700,"04063700"
"487",4066500,"04066500"
"488",4067958,"04067958"
"489",4071858,"04071858"
"490",4073462,"04073462"
"491",4074538,"04074538"
"492",4074950,"04074950"
"493",4077400,"04077400"
"494",4085119,"04085119"
"495",4085200,"04085200"
"496",4085281,"04085281"
"497",4096900,"04096900"
"498",4102776,"04102776"
"499",4104945,"04104945"
"500",4105700,"04105700"
"501",4115265,"04115265"
"502",4117000,"04117000"
"503",4122200,"04122200"
"504",4122500,"04122500"
"505",4123000,"04123000"
"506",4123500,"04123500"
"507",4124000,"04124000"
"508",4124500,"04124500"
"509",4125460,"04125460"
"510",4125500,"04125500"
"511",4126970,"04126970"
"512",4127918,"04127918"
"513",4127997,"04127997"
"514",4128000,"04128000"
"515",4129500,"04129500"
"516",4136000,"04136000"
"517",4141000,"04141000"
"518",4150500,"04150500"
"519",4153500,"04153500"
"520",4158500,"04158500"
"521",4159500,"04159500"
"522",4161580,"04161580"
"523",4185000,"04185000"
"524",4185440,"04185440"
"525",4196800,"04196800"
"526",4197100,"04197100"
"527",4197170,"04197170"
"528",4199155,"04199155"
"529",4212500,"04212500"
"530",4213000,"04213000"
"531",4213040,"04213040"
"532",4213075,"04213075"
"533",4216418,"04216418"
"534",4216500,"04216500"
"535",4221000,"04221000"
"536",4224775,"04224775"
"537",4232100,"04232100"
"538",4233000,"04233000"
"539",4233286,"04233286"
"540",4233300,"04233300"
"541",4237962,"04237962"
"542",4245200,"04245200"
"543",4254500,"04254500"
"544",4256000,"04256000"
"545",4265000,"04265000"
"546",4265432,"04265432"
"547",4268800,"04268800"
"548",3010655,"03010655"
"549",3011800,"03011800"
"550",3015500,"03015500"
"551",3017500,"03017500"
"552",3021350,"03021350"
"553",3021500,"03021500"
"554",3022540,"03022540"
"555",3025000,"03025000"
"556",3026500,"03026500"
"557",3028000,"03028000"
"558",3049000,"03049000"
"559",3049800,"03049800"
"560",3050000,"03050000"
"561",3065000,"03065000"
"562",3065400,"03065400"
"563",3066000,"03066000"
"564",3068800,"03068800"
"565",3069000,"03069000"
"566",3069500,"03069500"
"567",3069870,"03069870"
"568",3070000,"03070000"
"569",3070500,"03070500"
"570",3076600,"03076600"
"571",3078000,"03078000"
"572",3083000,"03083000"
"573",3089500,"03089500"
"574",3092000,"03092000"
"575",3092090,"03092090"
"576",3102950,"03102950"
"577",3111150,"03111150"
"578",3114500,"03114500"
"579",3115400,"03115400"
"580",3121850,"03121850"
"581",3140000,"03140000"
"582",3144000,"03144000"
"583",3149500,"03149500"
"584",3151500,"03151500"
"585",3153000,"03153000"
"586",3154000,"03154000"
"587",3154500,"03154500"
"588",3155500,"03155500"
"589",3158200,"03158200"
"590",3159540,"03159540"
"591",3161000,"03161000"
"592",3164000,"03164000"
"593",3165000,"03165000"
"594",3167500,"03167500"
"595",3170000,"03170000"
"596",3173000,"03173000"
"597",3178500,"03178500"
"598",3180500,"03180500"
"599",3182500,"03182500"
"600",3183000,"03183000"
"601",3186500,"03186500"
"602",3187000,"03187000"
"603",3187500,"03187500"
"604",3190000,"03190000"
"605",3198350,"03198350"
"606",3201000,"03201000"
"607",3201800,"03201800"
"608",3201902,"03201902"
"609",3207965,"03207965"
"610",3210000,"03210000"
"611",3213000,"03213000"
"612",3213700,"03213700"
"613",3218000,"03218000"
"614",3228750,"03228750"
"615",3235500,"03235500"
"616",3237255,"03237255"
"617",3237280,"03237280"
"618",3237500,"03237500"
"619",3238500,"03238500"
"620",3241500,"03241500"
"621",3248500,"03248500"
"622",3250100,"03250100"
"623",3250310,"03250310"
"624",3250322,"03250322"
"625",3251000,"03251000"
"626",3251200,"03251200"
"627",3252300,"03252300"
"628",3266500,"03266500"
"629",3272700,"03272700"
"630",3276700,"03276700"
"631",3280700,"03280700"
"632",3281040,"03281040"
"633",3281100,"03281100"
"634",3281500,"03281500"
"635",3282040,"03282040"
"636",3282500,"03282500"
"637",3285000,"03285000"
"638",3290000,"03290000"
"639",3291780,"03291780"
"640",3292460,"03292460"
"641",3299000,"03299000"
"642",3300000,"03300000"
"643",3300400,"03300400"
"644",3302050,"03302050"
"645",3302110,"03302110"
"646",3302680,"03302680"
"647",3304500,"03304500"
"648",3307500,"03307500"
"649",3310400,"03310400"
"650",3311600,"03311600"
"651",3318800,"03318800"
"652",3327520,"03327520"
"653",3335700,"03335700"
"654",3336500,"03336500"
"655",3338780,"03338780"
"656",3340800,"03340800"
"657",3344500,"03344500"
"658",3346000,"03346000"
"659",3357330,"03357330"
"660",3357350,"03357350"
"661",3364500,"03364500"
"662",3366200,"03366200"
"663",3366500,"03366500"
"664",3368000,"03368000"
"665",3371520,"03371520"
"666",3374455,"03374455"
"667",3380475,"03380475"
"668",3384450,"03384450"
"669",3385000,"03385000"
"670",3403910,"03403910"
"671",3408500,"03408500"
"672",3409500,"03409500"
"673",3410210,"03410210"
"674",3410500,"03410500"
"675",3413200,"03413200"
"676",3415000,"03415000"
"677",3416000,"03416000"
"678",3424730,"03424730"
"679",3427500,"03427500"
"680",3431800,"03431800"
"681",3433637,"03433637"
"682",3435500,"03435500"
"683",3436690,"03436690"
"684",3436700,"03436700"
"685",3439000,"03439000"
"686",3441000,"03441000"
"687",3447894,"03447894"
"688",3450000,"03450000"
"689",3454000,"03454000"
"690",3455500,"03455500"
"691",3456500,"03456500"
"692",3460000,"03460000"
"693",3461200,"03461200"
"694",3463300,"03463300"
"695",3465500,"03465500"
"696",3466228,"03466228"
"697",3467000,"03467000"
"698",3471500,"03471500"
"699",3473000,"03473000"
"700",3479000,"03479000"
"701",3488000,"03488000"
"702",3490000,"03490000"
"703",3491000,"03491000"
"704",3491300,"03491300"
"705",3497300,"03497300"
"706",3498500,"03498500"
"707",3500000,"03500000"
"708",3500240,"03500240"
"709",3504000,"03504000"
"710",3513500,"03513500"
"711",3518500,"03518500"
"712",3527220,"03527220"
"713",3528400,"03528400"
"714",3535000,"03535000"
"715",3538225,"03538225"
"716",3539778,"03539778"
"717",3544947,"03544947"
"718",3545000,"03545000"
"719",3556000,"03556000"
"720",3558000,"03558000"
"721",3560000,"03560000"
"722",3566525,"03566525"
"723",3570835,"03570835"
"724",3572110,"03572110"
"725",3574500,"03574500"
"726",3578000,"03578000"
"727",3578500,"03578500"
"728",3584020,"03584020"
"729",3588400,"03588400"
"730",3588500,"03588500"
"731",3592718,"03592718"
"732",3593800,"03593800"
"733",3597210,"03597210"
"734",3599450,"03599450"
"735",3600500,"03600500"
"736",3604000,"03604000"
"737",5212700,"05212700"
"738",5290000,"05290000"
"739",5291000,"05291000"
"740",5293000,"05293000"
"741",5311400,"05311400"
"742",5317200,"05317200"
"743",5357335,"05357335"
"744",5362000,"05362000"
"745",5376000,"05376000"
"746",5383950,"05383950"
"747",5384000,"05384000"
"748",5384500,"05384500"
"749",5385500,"05385500"
"750",5387440,"05387440"
"751",5387500,"05387500"
"752",5389000,"05389000"
"753",5389400,"05389400"
"754",5393500,"05393500"
"755",5399500,"05399500"
"756",5400650,"05400650"
"757",5407470,"05407470"
"758",5408000,"05408000"
"759",5411850,"05411850"
"760",5412400,"05412400"
"761",5412500,"05412500"
"762",5413500,"05413500"
"763",5414000,"05414000"
"764",5414500,"05414500"
"765",5415000,"05415000"
"766",5420560,"05420560"
"767",5420680,"05420680"
"768",5435000,"05435000"
"769",5444000,"05444000"
"770",5451210,"05451210"
"771",5454000,"05454000"
"772",5458000,"05458000"
"773",5464220,"05464220"
"774",5466500,"05466500"
"775",5467000,"05467000"
"776",5469500,"05469500"
"777",5473450,"05473450"
"778",5473500,"05473500"
"779",5487980,"05487980"
"780",5488200,"05488200"
"781",5489000,"05489000"
"782",5494300,"05494300"
"783",5495000,"05495000"
"784",5495500,"05495500"
"785",5498000,"05498000"
"786",5500000,"05500000"
"787",5501000,"05501000"
"788",5502040,"05502040"
"789",5503000,"05503000"
"790",5503800,"05503800"
"791",5506000,"05506000"
"792",5506100,"05506100"
"793",5507500,"05507500"
"794",5507600,"05507600"
"795",5508805,"05508805"
"796",5513000,"05513000"
"797",5514500,"05514500"
"798",5525500,"05525500"
"799",5526500,"05526500"
"800",5555500,"05555500"
"801",5556500,"05556500"
"802",5558500,"05558500"
"803",5559000,"05559000"
"804",5584500,"05584500"
"805",5585000,"05585000"
"806",5586000,"05586000"
"807",5586500,"05586500"
"808",5591550,"05591550"
"809",5592050,"05592050"
"810",5592300,"05592300"
"811",5592575,"05592575"
"812",5593575,"05593575"
"813",5593900,"05593900"
"814",5595730,"05595730"
"815",7010350,"07010350"
"816",7014500,"07014500"
"817",7017500,"07017500"
"818",7030392,"07030392"
"819",7030500,"07030500"
"820",7035500,"07035500"
"821",7037700,"07037700"
"822",7290650,"07290650"
"823",7291000,"07291000"
"824",7292500,"07292500"
"825",7295000,"07295000"
"826",7359610,"07359610"
"827",7359800,"07359800"
"828",7360200,"07360200"
"829",7362100,"07362100"
"830",7362500,"07362500"
"831",7362587,"07362587"
"832",7362656,"07362656"
"833",7365800,"07365800"
"834",7366200,"07366200"
"835",7370500,"07370500"
"836",7372500,"07372500"
"837",7373000,"07373000"
"838",7373500,"07373500"
"839",7375000,"07375000"
"840",7375800,"07375800"
"841",7376000,"07376000"
"842",7376500,"07376500"
"843",7377000,"07377000"
"844",7381800,"07381800"
"845",8013000,"08013000"
"846",8014500,"08014500"
"847",8016800,"08016800"
"848",5056000,"05056000"
"849",5056100,"05056100"
"850",5056200,"05056200"
"851",5057000,"05057000"
"852",5057200,"05057200"
"853",5059600,"05059600"
"854",5060000,"05060000"
"855",5062500,"05062500"
"856",5064900,"05064900"
"857",5065500,"05065500"
"858",5087500,"05087500"
"859",5089500,"05089500"
"860",5098700,"05098700"
"861",5120500,"05120500"
"862",5123400,"05123400"
"863",5123600,"05123600"
"864",5129115,"05129115"
"865",5130500,"05130500"
"866",5131500,"05131500"
"867",5132000,"05132000"
"868",5139500,"05139500"
"869",6453255,"06453255"
"870",6453500,"06453500"
"871",6453600,"06453600"
"872",6462500,"06462500"
"873",6464500,"06464500"
"874",6464900,"06464900"
"875",6466500,"06466500"
"876",6478540,"06478540"
"877",6479215,"06479215"
"878",6479438,"06479438"
"879",6479500,"06479500"
"880",6601000,"06601000"
"881",6614800,"06614800"
"882",6622700,"06622700"
"883",6623800,"06623800"
"884",6632400,"06632400"
"885",6637750,"06637750"
"886",6696980,"06696980"
"887",6700500,"06700500"
"888",6717400,"06717400"
"889",6730300,"06730300"
"890",6746095,"06746095"
"891",6771000,"06771000"
"892",6775500,"06775500"
"893",6783500,"06783500"
"894",6784000,"06784000"
"895",6798000,"06798000"
"896",6803510,"06803510"
"897",6803530,"06803530"
"898",6814000,"06814000"
"899",6820000,"06820000"
"900",6821000,"06821000"
"901",6821080,"06821080"
"902",6825500,"06825500"
"903",6841500,"06841500"
"904",6846500,"06846500"
"905",6847000,"06847000"
"906",6847900,"06847900"
"907",6853800,"06853800"
"908",6858500,"06858500"
"909",6859500,"06859500"
"910",6869950,"06869950"
"911",6870300,"06870300"
"912",6876700,"06876700"
"913",6878000,"06878000"
"914",6879650,"06879650"
"915",6885500,"06885500"
"916",6888000,"06888000"
"917",6888500,"06888500"
"918",6889100,"06889100"
"919",6889120,"06889120"
"920",6889140,"06889140"
"921",6889160,"06889160"
"922",6889200,"06889200"
"923",6889500,"06889500"
"924",6891810,"06891810"
"925",6892000,"06892000"
"926",6895000,"06895000"
"927",6897950,"06897950"
"928",6898400,"06898400"
"929",6899000,"06899000"
"930",6899700,"06899700"
"931",6903400,"06903400"
"932",6906150,"06906150"
"933",6906800,"06906800"
"934",6909500,"06909500"
"935",6910800,"06910800"
"936",6911490,"06911490"
"937",6911900,"06911900"
"938",6914990,"06914990"
"939",6917000,"06917000"
"940",6917380,"06917380"
"941",6917630,"06917630"
"942",6918460,"06918460"
"943",6919500,"06919500"
"944",6921070,"06921070"
"945",6921200,"06921200"
"946",6925200,"06925200"
"947",6927000,"06927000"
"948",6928000,"06928000"
"949",6928300,"06928300"
"950",6930000,"06930000"
"951",6934000,"06934000"
"952",5014300,"05014300"
"953",6036805,"06036805"
"954",6036905,"06036905"
"955",6037500,"06037500"
"956",6043500,"06043500"
"957",6073500,"06073500"
"958",6078500,"06078500"
"959",6079000,"06079000"
"960",6090500,"06090500"
"961",6092500,"06092500"
"962",6102500,"06102500"
"963",6109800,"06109800"
"964",6115500,"06115500"
"965",6131000,"06131000"
"966",6137400,"06137400"
"967",6137570,"06137570"
"968",6154410,"06154410"
"969",6183800,"06183800"
"970",6183850,"06183850"
"971",6187915,"06187915"
"972",6187950,"06187950"
"973",6188000,"06188000"
"974",6191500,"06191500"
"975",6197500,"06197500"
"976",6206500,"06206500"
"977",6209500,"06209500"
"978",6218500,"06218500"
"979",6221400,"06221400"
"980",6222700,"06222700"
"981",6224000,"06224000"
"982",6228350,"06228350"
"983",6260000,"06260000"
"984",6265337,"06265337"
"985",6265800,"06265800"
"986",6267400,"06267400"
"987",6278300,"06278300"
"988",6280300,"06280300"
"989",6289000,"06289000"
"990",6291500,"06291500"
"991",6295250,"06295250"
"992",6297000,"06297000"
"993",6298500,"06298500"
"994",6299500,"06299500"
"995",6300500,"06300500"
"996",6301480,"06301480"
"997",6311000,"06311000"
"998",6315500,"06315500"
"999",6321500,"06321500"
"1000",6329597,"06329597"
"1001",6332515,"06332515"
"1002",6335000,"06335000"
"1003",6336600,"06336600"
"1004",6339100,"06339100"
"1005",6339500,"06339500"
"1006",6342450,"06342450"
"1007",6344600,"06344600"
"1008",6345000,"06345000"
"1009",6347000,"06347000"
"1010",6347500,"06347500"
"1011",6350000,"06350000"
"1012",6351000,"06351000"
"1013",6351200,"06351200"
"1014",6352000,"06352000"
"1015",6353000,"06353000"
"1016",6354000,"06354000"
"1017",6354500,"06354500"
"1018",6356000,"06356000"
"1019",6359000,"06359000"
"1020",6360500,"06360500"
"1021",6392900,"06392900"
"1022",6402430,"06402430"
"1023",6404000,"06404000"
"1024",6406000,"06406000"
"1025",6408700,"06408700"
"1026",6409000,"06409000"
"1027",6424000,"06424000"
"1028",6429500,"06429500"
"1029",6430532,"06430532"
"1030",6430850,"06430850"
"1031",6431500,"06431500"
"1032",6436700,"06436700"
"1033",6440200,"06440200"
"1034",6441500,"06441500"
"1035",6444000,"06444000"
"1036",6445980,"06445980"
"1037",6446500,"06446500"
"1038",6446700,"06446700"
"1039",6447000,"06447000"
"1040",6447230,"06447230"
"1041",6447450,"06447450"
"1042",6447500,"06447500"
"1043",6450500,"06450500"
"1044",6452000,"06452000"
"1045",6467600,"06467600"
"1046",6468170,"06468170"
"1047",6468250,"06468250"
"1048",6470800,"06470800"
"1049",6471200,"06471200"
"1050",6473500,"06473500"
"1051",6473700,"06473700"
"1052",6474000,"06474000"
"1053",6474300,"06474300"
"1054",6476500,"06476500"
"1055",6477500,"06477500"
"1056",7048000,"07048000"
"1057",7048800,"07048800"
"1058",7049000,"07049000"
"1059",7053250,"07053250"
"1060",7053810,"07053810"
"1061",7054080,"07054080"
"1062",7055646,"07055646"
"1063",7055875,"07055875"
"1064",7056000,"07056000"
"1065",7056515,"07056515"
"1066",7056700,"07056700"
"1067",7057000,"07057000"
"1068",7057500,"07057500"
"1069",7058000,"07058000"
"1070",7060710,"07060710"
"1071",7061270,"07061270"
"1072",7064300,"07064300"
"1073",7064500,"07064500"
"1074",7064533,"07064533"
"1075",7065200,"07065200"
"1076",7065495,"07065495"
"1077",7066000,"07066000"
"1078",7066500,"07066500"
"1079",7067000,"07067000"
"1080",7068000,"07068000"
"1081",7070500,"07070500"
"1082",7071500,"07071500"
"1083",7072000,"07072000"
"1084",7073500,"07073500"
"1085",7075000,"07075000"
"1086",7083000,"07083000"
"1087",7086500,"07086500"
"1088",7142300,"07142300"
"1089",7144780,"07144780"
"1090",7145700,"07145700"
"1091",7148350,"07148350"
"1092",7148400,"07148400"
"1093",7149000,"07149000"
"1094",7151500,"07151500"
"1095",7156220,"07156220"
"1096",7159000,"07159000"
"1097",7167500,"07167500"
"1098",7176950,"07176950"
"1099",7180500,"07180500"
"1100",7184000,"07184000"
"1101",7185500,"07185500"
"1102",7186400,"07186400"
"1103",7188653,"07188653"
"1104",7189100,"07189100"
"1105",7191222,"07191222"
"1106",7195800,"07195800"
"1107",7196900,"07196900"
"1108",7197000,"07197000"
"1109",7197360,"07197360"
"1110",7208500,"07208500"
"1111",7222500,"07222500"
"1112",7226500,"07226500"
"1113",7233500,"07233500"
"1114",7247250,"07247250"
"1115",7249500,"07249500"
"1116",7249800,"07249800"
"1117",7249920,"07249920"
"1118",7249985,"07249985"
"1119",7250000,"07250000"
"1120",7250935,"07250935"
"1121",7250965,"07250965"
"1122",7250974,"07250974"
"1123",7252000,"07252000"
"1124",7257000,"07257000"
"1125",7257006,"07257006"
"1126",7260000,"07260000"
"1127",7261000,"07261000"
"1128",7263295,"07263295"
"1129",7299670,"07299670"
"1130",7301410,"07301410"
"1131",7301500,"07301500"
"1132",7311600,"07311600"
"1133",7311630,"07311630"
"1134",7311900,"07311900"
"1135",7315200,"07315200"
"1136",7315700,"07315700"
"1137",7325860,"07325860"
"1138",7331300,"07331300"
"1139",7332390,"07332390"
"1140",7335700,"07335700"
"1141",7340300,"07340300"
"1142",7342480,"07342480"
"1143",7344450,"07344450"
"1144",7344486,"07344486"
"1145",7345000,"07345000"
"1146",7346045,"07346045"
"1147",7346140,"07346140"
"1148",7348800,"07348800"
"1149",7351500,"07351500"
"1150",7352800,"07352800"
"1151",7354000,"07354000"
"1152",8023080,"08023080"
"1153",8023400,"08023400"
"1154",8025500,"08025500"
"1155",8028700,"08028700"
"1156",8029500,"08029500"
"1157",8030000,"08030000"
"1158",8031000,"08031000"
"1159",8033300,"08033300"
"1160",8033900,"08033900"
"1161",8041500,"08041500"
"1162",8050800,"08050800"
"1163",8050840,"08050840"
"1164",8066200,"08066200"
"1165",8066300,"08066300"
"1166",8068780,"08068780"
"1167",8070000,"08070000"
"1168",8070200,"08070200"
"1169",8079600,"08079600"
"1170",8081200,"08081200"
"1171",8082180,"08082180"
"1172",8082700,"08082700"
"1173",8086150,"08086150"
"1174",8086212,"08086212"
"1175",8086290,"08086290"
"1176",8088300,"08088300"
"1177",8088450,"08088450"
"1178",8095300,"08095300"
"1179",8099300,"08099300"
"1180",8101000,"08101000"
"1181",8103900,"08103900"
"1182",8104900,"08104900"
"1183",8109700,"08109700"
"1184",8128400,"08128400"
"1185",8130700,"08130700"
"1186",8131400,"08131400"
"1187",8133250,"08133250"
"1188",8133900,"08133900"
"1189",8134230,"08134230"
"1190",8150800,"08150800"
"1191",8152900,"08152900"
"1192",8155200,"08155200"
"1193",8158700,"08158700"
"1194",8158810,"08158810"
"1195",8163500,"08163500"
"1196",8164000,"08164000"
"1197",8164300,"08164300"
"1198",8164600,"08164600"
"1199",8165300,"08165300"
"1200",8165500,"08165500"
"1201",8166000,"08166000"
"1202",8171300,"08171300"
"1203",8175000,"08175000"
"1204",8176900,"08176900"
"1205",8177300,"08177300"
"1206",8178880,"08178880"
"1207",8186500,"08186500"
"1208",8189300,"08189300"
"1209",8189500,"08189500"
"1210",8190000,"08190000"
"1211",8190500,"08190500"
"1212",8194200,"08194200"
"1213",8195000,"08195000"
"1214",8196000,"08196000"
"1215",8198000,"08198000"
"1216",8198500,"08198500"
"1217",8200000,"08200000"
"1218",8200700,"08200700"
"1219",8200977,"08200977"
"1220",8201500,"08201500"
"1221",8202700,"08202700"
"1222",8210400,"08210400"
"1223",8212400,"08212400"
"1224",8227500,"08227500"
"1225",8236000,"08236000"
"1226",8253500,"08253500"
"1227",8263000,"08263000"
"1228",8267500,"08267500"
"1229",8269000,"08269000"
"1230",8271000,"08271000"
"1231",8275600,"08275600"
"1232",8277470,"08277470"
"1233",8294195,"08294195"
"1234",8302500,"08302500"
"1235",8321500,"08321500"
"1236",8324000,"08324000"
"1237",8340500,"08340500"
"1238",8343100,"08343100"
"1239",8354000,"08354000"
"1240",8377900,"08377900"
"1241",8378500,"08378500"
"1242",8380500,"08380500"
"1243",8382730,"08382730"
"1244",8386505,"08386505"
"1245",8400000,"08400000"
"1246",8401200,"08401200"
"1247",8405105,"08405105"
"1248",8431700,"08431700"
"1249",9034900,"09034900"
"1250",9035800,"09035800"
"1251",9035900,"09035900"
"1252",9040000,"09040000"
"1253",9047700,"09047700"
"1254",9052000,"09052000"
"1255",9052400,"09052400"
"1256",9052800,"09052800"
"1257",9058500,"09058500"
"1258",9058700,"09058700"
"1259",9058800,"09058800"
"1260",9060500,"09060500"
"1261",9063200,"09063200"
"1262",9063400,"09063400"
"1263",9065500,"09065500"
"1264",9066000,"09066000"
"1265",9066100,"09066100"
"1266",9066150,"09066150"
"1267",9066200,"09066200"
"1268",9066300,"09066300"
"1269",9066400,"09066400"
"1270",9068000,"09068000"
"1271",9074800,"09074800"
"1272",9075700,"09075700"
"1273",9081600,"09081600"
"1274",9107000,"09107000"
"1275",9132940,"09132940"
"1276",9182000,"09182000"
"1277",9183000,"09183000"
"1278",9185500,"09185500"
"1279",9196500,"09196500"
"1280",9203000,"09203000"
"1281",9204000,"09204000"
"1282",9208000,"09208000"
"1283",9210500,"09210500"
"1284",9217900,"09217900"
"1285",9220500,"09220500"
"1286",9223000,"09223000"
"1287",9226500,"09226500"
"1288",9235600,"09235600"
"1289",9245000,"09245000"
"1290",9268500,"09268500"
"1291",9276000,"09276000"
"1292",9278500,"09278500"
"1293",9288150,"09288150"
"1294",9288900,"09288900"
"1295",9298000,"09298000"
"1296",9302450,"09302450"
"1297",9303300,"09303300"
"1298",9303500,"09303500"
"1299",9306007,"09306007"
"1300",9306242,"09306242"
"1301",9307500,"09307500"
"1302",9308500,"09308500"
"1303",9312600,"09312600"
"1304",9312800,"09312800"
"1305",9315500,"09315500"
"1306",9329050,"09329050"
"1307",9334000,"09334000"
"1308",9334500,"09334500"
"1309",9338000,"09338000"
"1310",9339900,"09339900"
"1311",9340000,"09340000"
"1312",9352900,"09352900"
"1313",9372400,"09372400"
"1314",9378170,"09378170"
"1315",9378630,"09378630"
"1316",9378700,"09378700"
"1317",9386900,"09386900"
"1318",9403000,"09403000"
"1319",9404115,"09404115"
"1320",9404222,"09404222"
"1321",9404343,"09404343"
"1322",9404450,"09404450"
"1323",9406300,"09406300"
"1324",9408195,"09408195"
"1325",9415515,"09415515"
"1326",9419610,"09419610"
"1327",9430500,"09430500"
"1328",9430600,"09430600"
"1329",9442692,"09442692"
"1330",9444200,"09444200"
"1331",9447800,"09447800"
"1332",9460150,"09460150"
"1333",9470750,"09470750"
"1334",9470800,"09470800"
"1335",9471310,"09471310"
"1336",9480000,"09480000"
"1337",9484000,"09484000"
"1338",9484550,"09484550"
"1339",9484600,"09484600"
"1340",9487000,"09487000"
"1341",9489100,"09489100"
"1342",9489700,"09489700"
"1343",9492400,"09492400"
"1344",9494000,"09494000"
"1345",9497700,"09497700"
"1346",9497800,"09497800"
"1347",9497980,"09497980"
"1348",9498503,"09498503"
"1349",9505200,"09505200"
"1350",9505250,"09505250"
"1351",9505300,"09505300"
"1352",9505350,"09505350"
"1353",9505800,"09505800"
"1354",9508300,"09508300"
"1355",9510100,"09510100"
"1356",9510200,"09510200"
"1357",9512200,"09512200"
"1358",9512280,"09512280"
"1359",9513780,"09513780"
"1360",9513800,"09513800"
"1361",9515500,"09515500"
"1362",9535100,"09535100"
"1363",9537200,"09537200"
"1364",10023000,"10023000"
"1365",10041000,"10041000"
"1366",10058600,"10058600"
"1367",10093000,"10093000"
"1368",10143500,"10143500"
"1369",10148200,"10148200"
"1370",10166430,"10166430"
"1371",10172200,"10172200"
"1372",10172700,"10172700"
"1373",10172800,"10172800"
"1374",10172870,"10172870"
"1375",10172875,"10172875"
"1376",10173450,"10173450"
"1377",10183900,"10183900"
"1378",10205030,"10205030"
"1379",10208500,"10208500"
"1380",10219200,"10219200"
"1381",10224100,"10224100"
"1382",10234500,"10234500"
"1383",10241400,"10241400"
"1384",10241470,"10241470"
"1385",10241600,"10241600"
"1386",10242000,"10242000"
"1387",10243260,"10243260"
"1388",10243700,"10243700"
"1389",10244950,"10244950"
"1390",10245445,"10245445"
"1391",10245800,"10245800"
"1392",10245900,"10245900"
"1393",10245910,"10245910"
"1394",10246846,"10246846"
"1395",10249300,"10249300"
"1396",10249900,"10249900"
"1397",10291500,"10291500"
"1398",10295500,"10295500"
"1399",103087891,"103087891"
"1400",10310500,"10310500"
"1401",10313400,"10313400"
"1402",10316500,"10316500"
"1403",10321590,"10321590"
"1404",10329500,"10329500"
"1405",10336580,"10336580"
"1406",10336600,"10336600"
"1407",10336645,"10336645"
"1408",10336660,"10336660"
"1409",10336674,"10336674"
"1410",103366993,"103366993"
"1411",10336740,"10336740"
"1412",103367592,"103367592"
"1413",10336770,"10336770"
"1414",10343500,"10343500"
"1415",10348850,"10348850"
"1416",10353000,"10353000"
"1417",10353600,"10353600"
"1418",10353700,"10353700"
"1419",10353750,"10353750"
"1420",10353770,"10353770"
"1421",10370000,"10370000"
"1422",10384000,"10384000"
"1423",10396000,"10396000"
"1424",12010000,"12010000"
"1425",12013500,"12013500"
"1426",12017000,"12017000"
"1427",12020000,"12020000"
"1428",12020800,"12020800"
"1429",12024000,"12024000"
"1430",12025000,"12025000"
"1431",12025700,"12025700"
"1432",12032500,"12032500"
"1433",12035000,"12035000"
"1434",12035450,"12035450"
"1435",12039000,"12039000"
"1436",12039005,"12039005"
"1437",12039300,"12039300"
"1438",12040500,"12040500"
"1439",12041200,"12041200"
"1440",12041500,"12041500"
"1441",12043000,"12043000"
"1442",12043300,"12043300"
"1443",12044900,"12044900"
"1444",12048000,"12048000"
"1445",12050500,"12050500"
"1446",12054000,"12054000"
"1447",12056500,"12056500"
"1448",12060500,"12060500"
"1449",12065500,"12065500"
"1450",12068500,"12068500"
"1451",12073500,"12073500"
"1452",12079000,"12079000"
"1453",12082500,"12082500"
"1454",12083000,"12083000"
"1455",12092000,"12092000"
"1456",12094000,"12094000"
"1457",12095000,"12095000"
"1458",12096500,"12096500"
"1459",12097000,"12097000"
"1460",12097500,"12097500"
"1461",12097850,"12097850"
"1462",12104000,"12104000"
"1463",12105000,"12105000"
"1464",12114000,"12114000"
"1465",12114500,"12114500"
"1466",12115000,"12115000"
"1467",12115500,"12115500"
"1468",12115700,"12115700"
"1469",12117000,"12117000"
"1470",12135000,"12135000"
"1471",12137290,"12137290"
"1472",12141300,"12141300"
"1473",12142000,"12142000"
"1474",12143400,"12143400"
"1475",12143600,"12143600"
"1476",12144000,"12144000"
"1477",12145500,"12145500"
"1478",12147000,"12147000"
"1479",12147500,"12147500"
"1480",12147600,"12147600"
"1481",12157250,"12157250"
"1482",12161000,"12161000"
"1483",12167000,"12167000"
"1484",12168500,"12168500"
"1485",12175500,"12175500"
"1486",12177500,"12177500"
"1487",12178100,"12178100"
"1488",12182500,"12182500"
"1489",12186000,"12186000"
"1490",12189500,"12189500"
"1491",12196000,"12196000"
"1492",12201500,"12201500"
"1493",12201960,"12201960"
"1494",12202300,"12202300"
"1495",12202310,"12202310"
"1496",12206900,"12206900"
"1497",12207750,"12207750"
"1498",12207850,"12207850"
"1499",12209000,"12209000"
"1500",12209500,"12209500"
"1501",12210000,"12210000"
"1502",12210700,"12210700"
"1503",12303100,"12303100"
"1504",12305500,"12305500"
"1505",12332000,"12332000"
"1506",12347500,"12347500"
"1507",12354000,"12354000"
"1508",12358500,"12358500"
"1509",12359800,"12359800"
"1510",12361000,"12361000"
"1511",12369200,"12369200"
"1512",12374250,"12374250"
"1513",12375900,"12375900"
"1514",12377150,"12377150"
"1515",12381400,"12381400"
"1516",12383500,"12383500"
"1517",12387450,"12387450"
"1518",12388400,"12388400"
"1519",12390700,"12390700"
"1520",12392155,"12392155"
"1521",12392300,"12392300"
"1522",12411000,"12411000"
"1523",12413000,"12413000"
"1524",12413360,"12413360"
"1525",12413875,"12413875"
"1526",12414500,"12414500"
"1527",12416000,"12416000"
"1528",12439300,"12439300"
"1529",12447383,"12447383"
"1530",12447390,"12447390"
"1531",12448000,"12448000"
"1532",12448500,"12448500"
"1533",12451000,"12451000"
"1534",12452800,"12452800"
"1535",12452890,"12452890"
"1536",12454000,"12454000"
"1537",12456500,"12456500"
"1538",12458000,"12458000"
"1539",12483800,"12483800"
"1540",12488500,"12488500"
"1541",12500500,"12500500"
"1542",12501000,"12501000"
"1543",13010065,"13010065"
"1544",13011500,"13011500"
"1545",13011900,"13011900"
"1546",13016305,"13016305"
"1547",13023000,"13023000"
"1548",13046680,"13046680"
"1549",13046995,"13046995"
"1550",13077700,"13077700"
"1551",13083000,"13083000"
"1552",13092000,"13092000"
"1553",13161500,"13161500"
"1554",13162225,"13162225"
"1555",13169500,"13169500"
"1556",13185000,"13185000"
"1557",13196500,"13196500"
"1558",13200500,"13200500"
"1559",13216500,"13216500"
"1560",13235000,"13235000"
"1561",13237920,"13237920"
"1562",13240000,"13240000"
"1563",13250600,"13250600"
"1564",13288200,"13288200"
"1565",13296500,"13296500"
"1566",13308500,"13308500"
"1567",13309220,"13309220"
"1568",13310199,"13310199"
"1569",13310700,"13310700"
"1570",13313000,"13313000"
"1571",13329500,"13329500"
"1572",13331500,"13331500"
"1573",13334450,"13334450"
"1574",13334700,"13334700"
"1575",13337000,"13337000"
"1576",13338500,"13338500"
"1577",13339500,"13339500"
"1578",13340000,"13340000"
"1579",13340500,"13340500"
"1580",13340600,"13340600"
"1581",14010000,"14010000"
"1582",14013500,"14013500"
"1583",14020000,"14020000"
"1584",14020300,"14020300"
"1585",14036860,"14036860"
"1586",14037500,"14037500"
"1587",14046890,"14046890"
"1588",14053000,"14053000"
"1589",14054500,"14054500"
"1590",14090350,"14090350"
"1591",14090400,"14090400"
"1592",14092750,"14092750"
"1593",14092885,"14092885"
"1594",14095500,"14095500"
"1595",14096300,"14096300"
"1596",14096850,"14096850"
"1597",14101500,"14101500"
"1598",14107000,"14107000"
"1599",14121300,"14121300"
"1600",14127000,"14127000"
"1601",14128500,"14128500"
"1602",14134000,"14134000"
"1603",14137000,"14137000"
"1604",14138800,"14138800"
"1605",14138870,"14138870"
"1606",14138900,"14138900"
"1607",14139700,"14139700"
"1608",14139800,"14139800"
"1609",14141500,"14141500"
"1610",14144800,"14144800"
"1611",14144900,"14144900"
"1612",14146500,"14146500"
"1613",14147500,"14147500"
"1614",14150300,"14150300"
"1615",14150800,"14150800"
"1616",14152500,"14152500"
"1617",14154500,"14154500"
"1618",14156500,"14156500"
"1619",14158500,"14158500"
"1620",14158790,"14158790"
"1621",14159200,"14159200"
"1622",14161100,"14161100"
"1623",14161500,"14161500"
"1624",14163000,"14163000"
"1625",14166500,"14166500"
"1626",14179000,"14179000"
"1627",14180300,"14180300"
"1628",14182500,"14182500"
"1629",14185000,"14185000"
"1630",14185900,"14185900"
"1631",14187000,"14187000"
"1632",14189500,"14189500"
"1633",14193000,"14193000"
"1634",14194300,"14194300"
"1635",14197000,"14197000"
"1636",14198400,"14198400"
"1637",14198500,"14198500"
"1638",14199704,"14199704"
"1639",14208000,"14208000"
"1640",14216000,"14216000"
"1641",14216500,"14216500"
"1642",14219000,"14219000"
"1643",14219800,"14219800"
"1644",14222500,"14222500"
"1645",14231000,"14231000"
"1646",14232500,"14232500"
"1647",14235500,"14235500"
"1648",14236200,"14236200"
"1649",14237000,"14237000"
"1650",14243500,"14243500"
"1651",14245000,"14245000"
"1652",14247500,"14247500"
"1653",14249000,"14249000"
"1654",14250500,"14250500"
"1655",14299800,"14299800"
"1656",14301000,"14301000"
"1657",14301500,"14301500"
"1658",14303200,"14303200"
"1659",14305500,"14305500"
"1660",14306100,"14306100"
"1661",14306340,"14306340"
"1662",14306400,"14306400"
"1663",14306500,"14306500"
"1664",14307580,"14307580"
"1665",14307620,"14307620"
"1666",14307700,"14307700"
"1667",14308990,"14308990"
"1668",14309500,"14309500"
"1669",14316495,"14316495"
"1670",14316700,"14316700"
"1671",14318000,"14318000"
"1672",14319830,"14319830"
"1673",14319835,"14319835"
"1674",14324500,"14324500"
"1675",14325000,"14325000"
"1676",14328000,"14328000"
"1677",14333500,"14333500"
"1678",14337800,"14337800"
"1679",14337870,"14337870"
"1680",14353000,"14353000"
"1681",14353500,"14353500"
"1682",14362250,"14362250"
"1683",14371500,"14371500"
"1684",14372500,"14372500"
"1685",14400000,"14400000"
"1686",10255800,"10255800"
"1687",10255810,"10255810"
"1688",10255850,"10255850"
"1689",10257600,"10257600"
"1690",10258000,"10258000"
"1691",10258500,"10258500"
"1692",10259000,"10259000"
"1693",10259200,"10259200"
"1694",10263500,"10263500"
"1695",10264000,"10264000"
"1696",10264600,"10264600"
"1697",10264750,"10264750"
"1698",10281800,"10281800"
"1699",10359300,"10359300"
"1700",10360900,"10360900"
"1701",11031500,"11031500"
"1702",11033000,"11033000"
"1703",11046300,"11046300"
"1704",11058600,"11058600"
"1705",11073470,"11073470"
"1706",11080500,"11080500"
"1707",11084500,"11084500"
"1708",11086500,"11086500"
"1709",11094000,"11094000"
"1710",11096500,"11096500"
"1711",11098000,"11098000"
"1712",11100000,"11100000"
"1713",11111500,"11111500"
"1714",11114495,"11114495"
"1715",11114500,"11114500"
"1716",11116000,"11116000"
"1717",11117600,"11117600"
"1718",11120500,"11120500"
"1719",11124500,"11124500"
"1720",11138500,"11138500"
"1721",11139000,"11139000"
"1722",11139500,"11139500"
"1723",11141150,"11141150"
"1724",11141280,"11141280"
"1725",11142500,"11142500"
"1726",11143000,"11143000"
"1727",11143500,"11143500"
"1728",11148900,"11148900"
"1729",11151300,"11151300"
"1730",11151870,"11151870"
"1731",11152900,"11152900"
"1732",11153470,"11153470"
"1733",11153900,"11153900"
"1734",11154100,"11154100"
"1735",11154700,"11154700"
"1736",11160020,"11160020"
"1737",11160300,"11160300"
"1738",11162500,"11162500"
"1739",11162570,"11162570"
"1740",11169800,"11169800"
"1741",11172945,"11172945"
"1742",11173200,"11173200"
"1743",11176400,"11176400"
"1744",11180500,"11180500"
"1745",11180960,"11180960"
"1746",11182100,"11182100"
"1747",11195500,"11195500"
"1748",11196400,"11196400"
"1749",11197250,"11197250"
"1750",11199500,"11199500"
"1751",11203580,"11203580"
"1752",11204100,"11204100"
"1753",11213500,"11213500"
"1754",11214000,"11214000"
"1755",11220000,"11220000"
"1756",11220500,"11220500"
"1757",11224500,"11224500"
"1758",11226500,"11226500"
"1759",11230500,"11230500"
"1760",11237500,"11237500"
"1761",11253310,"11253310"
"1762",11257100,"11257100"
"1763",11264500,"11264500"
"1764",11266500,"11266500"
"1765",11269300,"11269300"
"1766",11274500,"11274500"
"1767",11274630,"11274630"
"1768",11275000,"11275000"
"1769",11281000,"11281000"
"1770",11282000,"11282000"
"1771",11283500,"11283500"
"1772",11284400,"11284400"
"1773",11292500,"11292500"
"1774",11299600,"11299600"
"1775",11334300,"11334300"
"1776",11337500,"11337500"
"1777",11355500,"11355500"
"1778",11371000,"11371000"
"1779",11379000,"11379000"
"1780",11381500,"11381500"
"1781",11383500,"11383500"
"1782",11384000,"11384000"
"1783",11390672,"11390672"
"1784",11409300,"11409300"
"1785",11409500,"11409500"
"1786",11413320,"11413320"
"1787",11413323,"11413323"
"1788",11426150,"11426150"
"1789",11431800,"11431800"
"1790",11433260,"11433260"
"1791",11449500,"11449500"
"1792",11451100,"11451100"
"1793",11464500,"11464500"
"1794",11467200,"11467200"
"1795",11467500,"11467500"
"1796",11467600,"11467600"
"1797",11468000,"11468000"
"1798",11468500,"11468500"
"1799",11468900,"11468900"
"1800",11472160,"11472160"
"1801",11472900,"11472900"
"1802",11473900,"11473900"
"1803",11474500,"11474500"
"1804",11475500,"11475500"
"1805",11475560,"11475560"
"1806",11475800,"11475800"
"1807",11476600,"11476600"
"1808",11478500,"11478500"
"1809",11480390,"11480390"
"1810",11481200,"11481200"
"1811",11481500,"11481500"
"1812",11482500,"11482500"
"1813",11489500,"11489500"
"1814",11516900,"11516900"
"1815",11522500,"11522500"
"1816",11523200,"11523200"
"1817",11525530,"11525530"
"1818",11526500,"11526500"
"1819",11528700,"11528700"
"1820",11532500,"11532500"
