"station_id","varSeas_stl","varInterannual_stl","varRem_stl","varSeas_clas","varInterannual_clas","varRem_clas"
"912101A",0.0775057230315649,0.157467981391338,0.663644866981865,0.0615320024045788,0.0312811604528237,0.897480820210217
"912105A",0.099444622072982,0.228697113318751,0.600498903508127,0.085943437944197,0.0402242537807727,0.872404151501931
"915011A",NA,NA,NA,0.117937127411839,0.0400616094119155,0.845252969971879
"915206A",0.0840528945137515,0.167855767918531,0.652159371254685,0.0524947362438885,0.0127580709682637,0.934204158670217
"917107A",0.115117503356262,0.243719219501425,0.538192249272431,0.0940802992385284,0.0699500012024292,0.822772842979953
"919003A",0.188858278169352,0.242356153646734,0.491815866363495,0.156605361343263,0.04142640728499,0.794912519905453
"919005A",0.136841302074952,0.216410809222851,0.563774442021473,0.108994549085823,0.0285214685890555,0.85802788903924
"919201A",0.179156761325834,0.22818444267602,0.518039674665471,0.133556704606447,0.032333686068196,0.827610738545456
"919309A",0.264318651448579,0.228312507051812,0.448210966376691,0.202998296186804,0.0581174242931344,0.728529410705283
"922101B",NA,NA,NA,0.246879707834748,0.0205657686263033,0.728689308921492
"925001A",0.389569554145855,0.196593701485166,0.338656454803903,0.397415319205751,0.047459454509732,0.551694054694182
"926002A",0.435279345995616,0.212107450265801,0.284193829327226,0.415186546467662,0.0789147867590089,0.489587804619685
"G9030001",NA,NA,NA,0.102058328189975,0.046442483126337,0.847185629355512
"G9030124",0.0915626697444439,0.167350202557762,0.636784875731247,0.0688429519026574,0.0169728028090159,0.911501146888719
"G9030250",NA,NA,NA,0.267510133296978,0.0677676805319129,0.666210160492373
"G9070142",NA,NA,NA,0.0900381634985002,0.0384729677821147,0.874768918593307
"003303A",0.032575477163558,0.194098454481026,0.637793917445085,0.0243106445280843,0.0236415009348493,0.953447375809501
"A0020101",0.0915983697641583,0.271778552779287,0.500289288816797,0.0946910406801793,0.0849471374829484,0.821021967106578
"A0030501",0.0297993626889272,0.329882606992923,0.463819608014511,0.03577896140709,0.111947970157319,0.847574849546279
"G0010005",0.101883266351894,0.143512631838424,0.649743842043431,0.0410065028193123,0.044476348717663,0.917072955571766
"G0050115",0.0259546614188452,0.25310943294632,0.613092778629031,0.0217444938903858,0.0552994444782085,0.91574306140697
"G0060005",0.040941645004562,0.234061071195605,0.621147845456875,0.0316180207131852,0.0515272688936126,0.904940490839285
"401009",0.165422958875037,0.285216119752897,0.470454740779802,0.164899279262287,0.132773340509701,0.675556957118194
"401012",0.249120374426325,0.258396386236539,0.381067741240116,0.328423617510536,0.136580680333517,0.516462094713508
"401013",0.155472410045586,0.240833134694168,0.488612359149372,0.136139275505119,0.0784630779859883,0.768172817586986
"401015",0.0571851551179544,0.209422879145326,0.609245420268192,0.0498226383465413,0.0401881867953934,0.895559631342238
"401016",0.131727469966619,0.280325943518345,0.437792936470343,0.199608653531067,0.175520203449106,0.601024021520203
"401017",0.19619816306405,0.20340135814523,0.472072285822926,0.173071187156031,0.0718721431536321,0.739822356140088
"401203",0.277786977974177,0.249914407399628,0.383339962008386,0.284574791005583,0.0930853879071565,0.594906173990749
"401208",0.167794989488417,0.311441333876941,0.424744850353091,0.140902594478337,0.120510757263418,0.712581826635412
"401210",0.260858791938935,0.308649654689536,0.325563464915006,0.257665046109932,0.153404954475758,0.545051796747723
"401212",0.297191838867719,0.299927933201284,0.301592377493673,0.297665173512464,0.147087392129595,0.508532742274172
"401215",0.142148577162281,0.291287919070978,0.460773755206345,0.143284656245794,0.119802978163121,0.7046090464727
"401216",0.342537692227,0.245803500994845,0.337006437855784,0.331389373620332,0.098583972865747,0.542574258521313
"401217",0.28109594355239,0.274860492216509,0.357019305323882,0.276769535531438,0.127605393643019,0.556602458766377
"401220",0.219123898944941,0.29151223074804,0.374551707589784,0.219080954830396,0.11681213031745,0.639382835413724
"402204",0.143156564252466,0.280010603354961,0.473947885592717,0.127439092038603,0.0916568522041163,0.757296406457315
"402206",0.232385532313962,0.317287048378862,0.320170045828452,0.259711114989609,0.13696990510396,0.576735693107486
"402213",0.164598825006108,0.232768748064337,0.511038008591682,0.126989183151917,0.0751756586728304,0.780992938141799
"402217",0.137496157408986,0.264267365729165,0.488266274107597,0.137604320394418,0.0826484126362272,0.757940290729284
"403200",0.301536180431121,0.278900056462101,0.328732876842503,0.292126776829397,0.141072510543309,0.541749406295648
"403205",0.341353208640619,0.212332079250363,0.337731539983131,0.282002013746204,0.132730152039274,0.547793163001237
"403213",0.171631571793764,0.252694010149075,0.459143215156885,0.170204096553536,0.0953184497449512,0.699769367485904
"403214",0.192589722394308,0.279321575590908,0.416810632676672,0.195522531979151,0.102490506882026,0.673192024430758
"403217",0.215760443079252,0.25104840893783,0.430592651613008,0.212297285813048,0.0808069946388862,0.681070012511974
"403221",0.11192831658136,0.254348417441203,0.51742610795254,0.109351478579459,0.0651484374203445,0.806275790138331
"403222",0.281071605844933,0.24733976210985,0.369753365326448,0.280095286809924,0.0903213232827594,0.595478690229807
"403223",0.196810047275904,0.248178107139736,0.436501706126256,0.206901222728774,0.0759465533192159,0.683395901249411
"403224",0.129764420448583,0.259717227713542,0.491393147446007,0.136259406544969,0.0684750266706521,0.778552093641561
"403226",0.246332699194923,0.251148074970639,0.393808385044506,0.195311760104097,0.10455097587111,0.665523561818163
"403230",0.281392313640355,0.241381561563341,0.358995286861472,0.273658167580633,0.0919491926944728,0.591495320059063
"403232",0.198777632518816,0.275443087764083,0.428514600661918,0.224202215856524,0.0954607373224983,0.646508154262549
"403233",0.237879217790763,0.25891366123176,0.391827597681966,0.256328249909473,0.0973431681136009,0.62535486359357
"404204",0.0384726766241622,0.250279794147129,0.595907821564948,0.0374643776517339,0.049234809429496,0.90284378408496
"404207",0.116631635692235,0.253727443596124,0.507982030654353,0.118198621423069,0.0717028728377792,0.790592448890047
"405205",0.251180684521355,0.344486552079822,0.315529533067474,0.240573968954496,0.222607838850137,0.509169528685158
"405209",0.355893773149698,0.258253567287648,0.280455280605585,0.385505473657736,0.120581933136897,0.454192282519321
"405212",0.0586965911267531,0.234582171439431,0.606232908954269,0.051831535812777,0.0314076556130921,0.90848302470436
"405214",0.198330246209467,0.243186024287657,0.461512365138628,0.206442903567033,0.0657140889898196,0.706773137337061
"405215",0.321174684092178,0.21730216202744,0.346630547130511,0.338890094552999,0.075167395952932,0.560873348104585
"405217",0.186494318657492,0.278129929462295,0.433822607660608,0.183773634603143,0.107695707638867,0.684737914197164
"405218",0.352972277564178,0.19182047005458,0.384425223420506,0.327864121824445,0.054090844638732,0.596755331273838
"405219",0.3540474966336,0.198924065187885,0.358787119038952,0.359531208390046,0.0618406903167364,0.554809941022683
"405226",0.0943538311518431,0.26433239567769,0.52235977979511,0.0914145353936263,0.0609524540408868,0.832818454922108
"405227",0.377532747900668,0.205875386575616,0.340057807163427,0.373489585013993,0.0740889254898849,0.531734222623814
"405228",0.135067327481951,0.246494101296194,0.519304810717441,0.133130225696368,0.0573554769169394,0.800883600427394
"405229",0.03799422819898,0.229656275791777,0.644636315590037,0.0226574922639798,0.0244493227484905,0.950201869976133
"405230",0.0289446425709448,0.218933268173226,0.63328370255685,0.0304043023987722,0.0291047600894709,0.940497780326932
"405231",0.214529628592716,0.216042187910742,0.477822143647003,0.146645493616924,0.120591758519178,0.709616191201069
"405234",0.174194049320296,0.240361046441498,0.506201897909256,0.200094118849005,0.0739101845376929,0.715252375963369
"405237",0.172446420416389,0.216831851770998,0.493521997647025,0.152177654296724,0.058583437392709,0.771153465638167
"405238",0.0933948624211896,0.25598229353951,0.541532209240969,0.0838357255014476,0.0519412659424639,0.850447875022114
"405240",0.0513561122031772,0.230259827132761,0.599898640573559,0.0588937772210682,0.0383860692801438,0.889796554606762
"405241",0.382298668215672,0.24870684701825,0.278920573488929,0.388166315462147,0.11604320909596,0.459696425186352
"405245",0.0545444704413107,0.193958825729551,0.625231483431788,0.0596937528754239,0.0270452393452429,0.907009724078684
"405246",0.0787192124077088,0.220362980052584,0.548822561801436,0.087462091733762,0.0592900178023376,0.847987681742463
"405248",0.0340385940847609,0.219711282097207,0.624234349364408,0.0347149381479524,0.0312932331124727,0.927720241367846
"405251",0.0787135043602167,0.239196807964576,0.570619495133737,0.072203577898459,0.0454763496031993,0.87051030154047
"405263",0.349311377223006,0.187498396454794,0.372247817319593,0.366945296557225,0.0559633121992401,0.570354445883769
"405264",0.412214417704692,0.188860069997289,0.30102767310213,0.431630032731444,0.074816980107513,0.476736951234993
"405274",0.0922325738857582,0.23119994675161,0.58114393699411,0.0867811403530541,0.032746348578341,0.873476006717772
"406208",0.0679491510981561,0.246126682900758,0.575893572694076,0.0684288414518124,0.043160579133805,0.880157423589264
"406213",0.0589064691471135,0.234422671106997,0.56336271219737,0.0868513246437163,0.0529303915842115,0.850710429734596
"406214",0.0354820218850172,0.238331842971113,0.613349779787129,0.0376919714688999,0.0351425653760711,0.916570252802049
"406224",0.0267276891389092,0.205121251657337,0.641647364514837,0.0296075402869656,0.0206851274027414,0.94733279598399
"406226",0.132112862405136,0.193308065424955,0.579617939788168,0.0604788982641975,0.0424545727625082,0.88631078413875
"406235",0.100359149017685,0.209429870120297,0.573824297352594,0.0604299853174991,0.0377537099516159,0.887214676170627
"406250",0.210762132820943,0.244949470863419,0.444137405290902,0.186793379591537,0.0606413125362077,0.734326182281359
"407211",0.0562941501909198,0.136454483968961,0.705586788564015,0.0332866888911317,0.0193653542118816,0.941170128831451
"407213",0.0811321553225719,0.199029903579596,0.603318547700908,0.0456908927757483,0.0287436608130502,0.920380939322463
"407214",0.0843950587992956,0.260100927165132,0.546210451150138,0.0843538206151465,0.0528785933323221,0.847795169522294
"407215",0.123460942060829,0.188761583614516,0.575264298559729,0.0716089679538471,0.0356738157598791,0.88686178279311
"407217",0.117525663719724,0.240938729846871,0.533536029163676,0.10017893061755,0.0430134653195912,0.846098396166949
"407220",0.0325211604381271,0.209442147190876,0.620542368571543,0.0426547354828833,0.0264249465731776,0.928334724075347
"407221",0.132130478900693,0.207077338861988,0.557433598930424,0.102664944679873,0.0553161269780129,0.830721138516038
"407230",0.0474573737705617,0.234867612904084,0.601270968384207,0.0488216553515514,0.02693717904541,0.915357815333013
"407239",0.105590970542639,0.192815834239248,0.610716284857627,0.0602615509812021,0.0384388905737604,0.897138964760692
"407246",0.0606961835904251,0.244140521996449,0.578899678558775,0.0546732352470675,0.0536906098340309,0.887871710367239
"407253",0.0389643290937911,0.170368279316487,0.621599605964882,0.0329369577332438,0.0300852022239719,0.931486916408407
"408200",0.0347817675079445,0.238462909028084,0.609512641626148,0.031246259854881,0.0339001812943237,0.926663279188639
"408202",0.0590312460155767,0.231456921400753,0.585346447505682,0.0559951805731688,0.033983658490149,0.904406671602285
"408206",0.041602960476443,0.230158944196351,0.627368529272422,0.0416778198553954,0.0307960786078282,0.920898889176161
"410024",0.146126954262044,0.310313217101545,0.420714803410356,0.13063236983195,0.123221079554416,0.711210242911045
"410026",0.035816843561096,0.231956167539019,0.614201089988303,0.0280713441672326,0.0291166942605103,0.937516253446265
"410033",0.063698086647676,0.290935850624974,0.530077818249214,0.0664943278152533,0.0828484017134013,0.830388667083802
"410038",0.209178194097797,0.194208242100406,0.527020698943051,0.128778585768216,0.0734567535316114,0.779036340291962
"410044",0.118537551722901,0.213502589612997,0.598490594412212,0.0579169071307831,0.0558331308051022,0.884627582372596
"410047",0.14224162220368,0.28269621712499,0.485304021549699,0.124308731218534,0.0938162166917346,0.766856377593653
"410057",0.271173477387011,0.260551477971116,0.37479517299779,0.18851051681158,0.124871422799715,0.645188776346675
"410061",0.0629868938648311,0.276475351107977,0.560048020764234,0.0584067632648458,0.0828259683421251,0.842120836267211
"410062",0.0254961900908046,0.232051001614062,0.635330647701761,0.0171336089760095,0.0355472579427971,0.946574675352714
"410088",0.114956200682967,0.281945991502345,0.489321259489802,0.116282572343504,0.077741351975912,0.784348139162563
"410091",0.175107064320106,0.170150578876214,0.551018246108765,0.0773014959169288,0.0616934557933073,0.843618010491233
"410141",0.025698474822383,0.225192753771987,0.636543832784354,0.0232650280973313,0.0376637184379744,0.934281650174835
"410156",0.0980987568856124,0.222763490232014,0.567398124849795,0.0678274135731384,0.0485981492025971,0.872155301464526
"410705",0.0179214918319567,0.244261269594158,0.634547163907579,0.0160351103745069,0.0277632189412839,0.948778495048478
"410713",0.0463901146855796,0.227326494558216,0.610591047742538,0.0268117209370204,0.0424626815948132,0.916790804193458
"410730",0.124322445442472,0.31884443931843,0.435389048789148,0.121826689089209,0.143430196706162,0.694948285355669
"410731",0.0420350910716899,0.244710193285066,0.601475614107255,0.0229194536453778,0.0594399895323009,0.907157093299388
"410734",0.0306304027582174,0.243501042218853,0.617330450954643,0.0175654538106159,0.0564323944565271,0.922862385810536
"410761",0.0704774516852675,0.218583805776245,0.593563070721692,0.0255916944693626,0.0485238715861321,0.913781998112943
"411003",0.0550935577408269,0.188162751045066,0.658079153900611,0.028809420973659,0.0203123048072095,0.955540237795431
"412028",0.0557219941642441,0.233260302610037,0.591416186642382,0.0501606389572722,0.062228824717861,0.878500605030069
"412029",0.0465937288988838,0.250191657911164,0.605241938706819,0.0396198167824884,0.0547855548912833,0.891729036878263
"412050",0.0957672903274455,0.188190219934489,0.576704908914378,0.070359364366295,0.0394549916303201,0.874867123727503
"412066",0.0548068083811751,0.241201776645159,0.600676409289062,0.0406465176750942,0.0509219897961852,0.896679713796362
"415201",0.0470318677633688,0.265355459588553,0.580120733727862,0.0464930492750462,0.0448346752206978,0.900779752107275
"415206",0.0714603106991351,0.271947975825528,0.541529461830424,0.067755209247222,0.0499813989411074,0.873852240469563
"415207",0.0801495616114895,0.259825811293228,0.549273217021888,0.0591077527470124,0.0405664120330506,0.891400545369725
"415220",0.0505330193750098,0.215979364053205,0.631497679882234,0.0341019894599799,0.0337602191230605,0.922748440534398
"415223",0.171026382394698,0.338455329199646,0.349073877042129,0.158565550318318,0.126230811951068,0.698004554201621
"415226",0.0352468934970966,0.217777254170291,0.643529394883344,0.0306991251648077,0.027245958903737,0.938730948569964
"415237",0.0494938468197723,0.235277726811941,0.656218450316432,0.0395856948413171,0.0256456270688625,0.92937012688829
"415238",0.0715889908817006,0.193617562863354,0.62141906477938,0.0361811444778413,0.0296899721033796,0.932192757908488
"415245",0.0890764842755024,0.251069710230253,0.53687591979152,0.0787568971812295,0.0745477302111475,0.829534434719294
"416003",0.0171427639695915,0.165878787087061,0.618197746701093,0.0224074266336613,0.0477238623067859,0.9322437174181
"416008",0.0365893292860575,0.19898355525935,0.625971928978126,0.0271112899014443,0.0215506945828692,0.95600330227547
"416010",0.0182100265003172,0.202687056281617,0.63450644121704,0.0228749152347183,0.0265730993955852,0.945908824595288
"416016",0.0246755376492309,0.224592310728503,0.651494723139316,0.0224925021400743,0.0240670722655257,0.946538485039928
"416020",0.0409657930236584,0.199107849355425,0.645093596962397,0.027569192181231,0.0138869384494794,0.956819104687258
"416023",0.0210772075131794,0.224348756349666,0.618738734907795,0.0231335230800795,0.0316222930956005,0.937089244388994
"416032",0.0269473762728076,0.225302417295608,0.617957998372563,0.0214551088809724,0.0381107794816121,0.931285143222496
"418005",0.0232319319226049,0.231019959422914,0.630596623148641,0.0237442495756001,0.0316618469180963,0.935636443945709
"418014",0.0305505845971507,0.209503501101645,0.615531938118562,0.028829783800801,0.0301670725461955,0.941569276091887
"418015",0.0410706889764006,0.189230446402899,0.6341842106318,0.0288168144215018,0.020548876634126,0.944949305904712
"418017",0.0305195120494769,0.192547929359633,0.638919102204905,0.0304502436431292,0.0156825281287516,0.950453606871282
"418021",0.0349107955057504,0.21531735994906,0.610627212001399,0.0305742648607394,0.0375887758651575,0.920591057385673
"418025",0.0350997283545355,0.19870745673956,0.638104204506997,0.02974476576812,0.0219642963788112,0.948690322275243
"418027",0.0353295283588269,0.207001127029594,0.635947282494413,0.026523365825801,0.0187376928070157,0.951295839791737
"418032",0.04730378656153,0.187934755364803,0.623523389758108,0.0320263220480901,0.022611999253509,0.941160808392511
"419005",0.0373808157850512,0.247025375629022,0.585396802708645,0.0200442952510771,0.0629527213379121,0.902552757511513
"419010",0.0360065676764112,0.252343675132512,0.586788204781698,0.0361835742544854,0.0470256623457561,0.912475307130095
"419016",0.053900359774035,0.203956674738962,0.603468120354559,0.0361549984682616,0.0391654986086135,0.913993252463244
"419029",0.0412303336060962,0.194333821367878,0.605701134158519,0.0401443370641944,0.0414067195998413,0.909859798173427
"419035",0.0310040544703926,0.219667652564129,0.630673954047845,0.0291602657736663,0.0248601749722873,0.93996109186007
"419054",0.0344892693182522,0.220513996258525,0.617177969728226,0.0307417007749441,0.0276358159593244,0.934738784851299
"420003",0.0778952743146764,0.152845597350571,0.658533377586788,0.0252184931117618,0.0327086598658634,0.936447748039588
"420017",0.0359119015648125,0.184247046691907,0.656362808622694,0.0236424600573319,0.0229912443009238,0.95539768528696
"421018",0.0515792859691864,0.223126119287206,0.660344188144765,0.0407891351495032,0.0396911313373287,0.916533300663399
"421026",0.0806671016112332,0.19472977071217,0.649035720577248,0.0246246263680968,0.0357013289779857,0.929359492232683
"421042",0.0506555917010109,0.209146409153401,0.620240762579251,0.0228922231204456,0.0308973890201797,0.93348938781294
"421048",0.0780975125957604,0.168462373847869,0.639031124737931,0.0369569358716562,0.0379516321318121,0.903756051827735
"421050",NA,NA,NA,0.0481239614911176,0.0393522953103696,0.902912224720039
"421055",NA,NA,NA,0.0314543761050177,0.0220166335672338,0.950124421455843
"424002",0.0265473757878183,0.234033996049997,0.579913513259693,0.0355419502032417,0.0605481847428054,0.922890351887527
"403209A",0.262394037492003,0.213642744044341,0.383248136525676,0.252397054184077,0.117249194355785,0.599824355443251
"422202B",0.0266492676973197,0.229980581860267,0.625524494055379,0.0194192940312953,0.0356910996349932,0.944913995880555
"422306A",0.0213423351599463,0.23657633033052,0.62925778488201,0.0218428645209496,0.0155979670662657,0.961105116516975
"422313B",NA,NA,NA,0.0583249353054947,0.0120111633369706,0.928111417065635
"422319B",0.0415314892004191,0.21435346066679,0.645383928047377,0.0227529016186682,0.0159998925905558,0.959641709141538
"422321B",0.0287206628985864,0.273304202664511,0.590239604823275,0.0290824190371628,0.057208826767001,0.906996114906807
"422334A",0.0284232317314245,0.220267618286013,0.643890391851877,0.0219205940522685,0.0135237159927996,0.963746092870278
"422338A",0.0176746122863255,0.210856256866149,0.649333227508403,0.0201541989807795,0.0118011803458134,0.966122277372113
"422394A",0.0382402546889577,0.254138317174947,0.622104239034985,0.0231033942298801,0.0290854831360392,0.944087524048696
"424201A",0.0523745852438736,0.22486769919603,0.584756337509508,0.0440970531714786,0.041831895629674,0.912174924965174
"A4260533",0.0579022762808607,0.175463552032941,0.638329996198034,0.0653305073796346,0.0283593198888718,0.899762551413789
"102101A",NA,NA,NA,0.178375523570577,0.0206339829759058,0.803445607250477
"104001A",NA,NA,NA,0.187423260491323,0.0148470362621252,0.793529952707182
"105101A",0.173078278260918,0.166491842833855,0.60354169165646,0.155011110707488,0.0309811643026511,0.809261332017183
"105102A",NA,NA,NA,0.115532380323637,0.01942936295112,0.855869207195693
"105105A",0.127564729714556,0.185631469845674,0.610652837960289,0.116317484466524,0.0288204944639026,0.850918537272036
"107001B",NA,NA,NA,0.246466943679635,0.0577869675929618,0.700268561096076
"108002A",0.175273777430203,0.213137948960334,0.556060047561633,0.127141551539615,0.0356523942626824,0.828400752673006
"108003A",0.176767457234187,0.174459850722863,0.571551215005327,0.169799171660158,0.0266403717953656,0.800552665773307
"111005A",0.107980352058829,0.20050340554596,0.579950758333718,0.120081082035688,0.0346974631627655,0.83907174590103
"111007A",0.112740498007275,0.220408657448428,0.585109984194643,0.105925820755807,0.0283119995562531,0.863009485860952
"112002A",0.108471320436502,0.223886536827843,0.577533317328155,0.112642654165281,0.0338756965369956,0.849928562240136
"112101B",0.227947691376937,0.176387424803473,0.532268083885743,0.16450168917702,0.0419136650472988,0.783514730329431
"112102A",0.233598927878592,0.191905250242439,0.471384720691082,0.200863652600767,0.0421686164763832,0.746013605263443
"113004A",0.17906980201754,0.234417827181957,0.476069334021914,0.189803121007795,0.0494562615905985,0.748358605177655
"114001A",0.154043499357634,0.21387322983493,0.537668027059572,0.138224828364688,0.0465903043571636,0.807613106645151
"116006B",0.110472574893347,0.226627762318938,0.577490740031443,0.111752091307707,0.0346591303331884,0.851159857856549
"116010A",0.158021413387284,0.180036308261563,0.572825017405645,0.108378450287202,0.0388410373141819,0.846317478379667
"116011A",0.0874770639684209,0.215448791445045,0.61311807266031,0.0717607353031969,0.0207139534496436,0.904169871657329
"116012A",NA,NA,NA,0.0863834096295387,0.0190284288677196,0.892010177798229
"116013A",0.110326309966769,0.212169147155278,0.582220123496936,0.087815840437023,0.0291718489293266,0.877806507326585
"116014A",0.098877988636985,0.232082036135648,0.584720484602975,0.0988679943643667,0.0319290406470111,0.864576859443467
"116015A",0.0883581141511745,0.210942985400518,0.585222037024979,0.0997114123120596,0.02989037209046,0.867549908142414
"117002A",0.0687013857588225,0.218927351261686,0.601438455762176,0.0793796249400854,0.028151639759759,0.89018328046056
"117003A",0.0837128006997407,0.228857634760511,0.598498062824347,0.077148339475742,0.0212505156190083,0.902291378044031
"118106A",0.0869414549944387,0.233736713241181,0.588212213114387,0.0837326579782953,0.0257289276676251,0.89104406747819
"119003A",0.0718450855544239,0.225466553544693,0.62159349196445,0.0674104172604233,0.0204388702855171,0.912674729780411
"120102A",0.0783126315325796,0.200499979192789,0.627033203665299,0.0532610057856388,0.018670792929202,0.929135838425878
"120301B",0.0776085159712483,0.186183041106105,0.66349513758057,0.0544532918145958,0.0438685158060712,0.904178125149112
"120304A",0.0640106238849143,0.187029881280619,0.642889635508629,0.0348063004195901,0.025572592254265,0.940351074162382
"121001A",NA,NA,NA,0.0442976701433942,0.0249198030809772,0.954953272494696
"121002A",0.0473412562622965,0.222370081703998,0.630607902390086,0.0467814110020027,0.0129313818805967,0.939623120724469
"121003A",0.0534756736876189,0.235950632718972,0.613766569891772,0.0496369509576069,0.0265531222315168,0.921913295786561
"122004A",0.0791783168637224,0.208563534281616,0.6399952630081,0.0505310472351997,0.0131731544221742,0.935028017127423
"124002A",0.0828134518367498,0.227648551827532,0.576914623034971,0.0811601368163829,0.0245783505617508,0.893847325169029
"125005A",0.0521964091233371,0.257417736549583,0.591429583129292,0.0493588658586574,0.0298258440277042,0.92092919818143
"126003A",0.0621341442201066,0.217202822802488,0.613032877116966,0.0419490512413009,0.0148574737135092,0.945667165287171
"129001A",0.0523643514386715,0.227682976289498,0.611176929470468,0.0444604377599231,0.024339478274332,0.929660368260502
"130004A",0.0317007505618478,0.213863642212238,0.643462068777077,0.0250462487508024,0.01497825867707,0.960001472301847
"130302A",0.029313700837635,0.262565874522668,0.606666517058321,0.0242795090638731,0.0533997688083895,0.941669679734896
"130324A",0.0307834082632435,0.235073106187037,0.628238191702824,0.0245550964367692,0.0380963029712119,0.939363149157322
"130403A",0.07410573423013,0.210970611155247,0.6478987539443,0.0405001647929679,0.015617450645302,0.938098912498389
"130410A",0.0297970246409499,0.236411020258598,0.624914061376095,0.0287908181718631,0.0180985782286983,0.951527060300121
"130413A",0.0377500366358078,0.240831631529211,0.629606415274064,0.0348260485545532,0.0201373368288394,0.944734883432052
"132001A",0.0392889355035767,0.223276979348978,0.635180017640858,0.0247516717116381,0.0144357332590226,0.961047571934924
"135002A",0.0255096798169527,0.234670520498886,0.635488198338243,0.0248559599845054,0.0171820313119425,0.957446599597513
"135004A",0.0208052284289132,0.186028239664834,0.626945491007494,0.0269249024285749,0.0227090081170163,0.948853370989298
"136006A",0.0403879809555764,0.217779225449895,0.641339158621654,0.0238013164786959,0.0165040145201515,0.95733526460072
"136202D",0.0242745170449755,0.224641914133664,0.624004986590743,0.0256366884888837,0.0200894993046482,0.953556724784411
"136203A",0.0316664390584036,0.232630665015392,0.632252507942457,0.0237967621228706,0.0265042653771266,0.946757662954681
"136208A",0.0263375491174711,0.216361765852127,0.622098566647974,0.0251329847632947,0.0269948463724753,0.946348380140773
"136304A",0.0261298195170637,0.234868944011126,0.623268673013291,0.0271696605638471,0.029777321161623,0.941426483643096
"137101A",0.055731271255174,0.210625577884901,0.647555171115425,0.0353294038615657,0.0219501764663698,0.943525406726035
"137201A",0.0376913008821765,0.222494172660134,0.644295775972746,0.0310747910979067,0.0155685246222618,0.952475929411312
"138004B",NA,NA,NA,0.0578227853848489,0.0200517221598608,0.930486801126267
"138009A",0.0301972365135974,0.224641550470016,0.615159218999225,0.0319968934193741,0.0182553832995209,0.947077597168797
"138010A",NA,NA,NA,0.0619853881763703,0.0165549919322187,0.919628494659813
"138110A",0.0241223446447444,0.223926452538036,0.624940881264933,0.0260722547089188,0.0176479976441698,0.955122307842186
"138113A",0.108000409564876,0.137593191765971,0.658193512196036,0.0634468081909173,0.0185942293560902,0.924318097293889
"138903A",0.0350203535652692,0.241369368838848,0.596293566607003,0.0347117942137435,0.0309361728313171,0.930690528587031
"140002A",0.0428889221076821,0.214105518049511,0.625335951664973,0.0321889746722338,0.037041000154094,0.921006130510692
"141008A",0.0387775358746853,0.216195057797633,0.634290747934868,0.0421925702471876,0.0214690097879472,0.932243627078942
"143007A",0.0885481671146524,0.187514066478447,0.632762279898656,0.0263972910471079,0.0221757846960978,0.948910998899792
"143009A",0.0197811421773657,0.225968739430807,0.625887417795142,0.0214111011532965,0.0208196793230757,0.956886194419881
"143107A",0.0516406685566342,0.208293578080644,0.632407046448263,0.0247496800972881,0.0118802964931087,0.963289997569215
"143110A",0.0585497812778448,0.165523003149777,0.661899622451686,0.0285009834127833,0.0129183706332027,0.957004148107202
"143209B",0.0711590108107339,0.176650947493535,0.651983100449644,0.0331669952040667,0.0188661956742004,0.947208302502124
"143303A",0.0747292506440285,0.214588190898124,0.612664867543455,0.0378988743741894,0.0253377214022108,0.937123911260715
"145010A",0.0452720156669692,0.236560033459036,0.611819986841092,0.0338998960025273,0.0283286602871766,0.933627772707796
"145011A",0.0261490992648596,0.236255941007407,0.636382920267562,0.0248810879057976,0.0189379678489204,0.95465495056569
"145018A",0.0610006963680803,0.21097916904122,0.600514152810869,0.0327743199498856,0.0336000942654373,0.923780015829685
"145101D",0.0316888827729189,0.240490209591094,0.62145546081676,0.0264494520309591,0.023657971181975,0.948756943983503
"145102B",0.0456890808728831,0.221794306169848,0.636849150581717,0.0239815131495776,0.018941038794085,0.955747101106348
"145107A",0.030092262008818,0.225126804345948,0.629825355050118,0.0331221466850801,0.0235387910893879,0.941984676349528
"146010A",0.0298477138253989,0.231850886190075,0.633840577579614,0.0252317028379028,0.0161174115960691,0.957364727536048
"146012A",0.0621618447845103,0.176234809459838,0.636647078349912,0.0464845385835069,0.0208210373323212,0.927582316866873
"146014A",NA,NA,NA,0.0502461306435536,0.0174200562160693,0.926903530498139
"146095A",0.0570434980016494,0.186440317147052,0.634803409761577,0.04189906520359,0.0148976366727498,0.94139872861653
"710003",0.0668463256414954,0.211890298215639,0.635656635554939,0.060961208000773,0.0217773579730999,0.915512474212758
"710229",0.0399661277149587,0.228005100965013,0.643157145844723,0.0320949453452743,0.0187916085918521,0.947650108858592
"701002",0.0195092214943835,0.217036327610237,0.636630979434978,0.0209324508651828,0.0167288307803184,0.961127958674263
"701007",0.040988252814406,0.230798056325601,0.615537916429414,0.0402174730035394,0.0251072066419133,0.934648614829038
"701009",0.0330252539001644,0.212978757257751,0.645960972026956,0.0314960737136898,0.00957481230725009,0.959158501198663
"704139",0.0466309367877889,0.235356446914115,0.6024065666329,0.0374950207578946,0.0293613557495379,0.930326729028143
"704193",0.0290506254693513,0.235530265513929,0.617187761701675,0.0296402473671942,0.0229301506690945,0.945546147872023
"705001",0.0424608060251121,0.23448109040457,0.608633787428524,0.0321172348961917,0.0242875850707124,0.944164591454611
"707002",0.0232391265659308,0.222196239475833,0.646732317012745,0.0240722827257011,0.00757961622179573,0.967692383622297
"707005",0.0431479944990442,0.208097829536407,0.644759671547244,0.0430121285002255,0.00680223308775821,0.95183068837045
"708011",0.0390388369791947,0.222190248810907,0.631269431639417,0.0383849626794865,0.0113301920232995,0.948300517842929
"709010",0.0366602826381418,0.217241078903665,0.676342605485926,0.0339386388392551,0.00852691089726873,0.957051346156474
"A5030502",0.139068122775125,0.219563052453954,0.547002247834538,0.134293321792569,0.0287369231518262,0.831741752306228
"A5040517",NA,NA,NA,0.241505560780328,0.0408131477918851,0.714591799468955
"A5040523",0.132415032965743,0.210489751493632,0.554491450107666,0.127513402333956,0.0325953340548296,0.827770629126804
"A5050517",0.118688475683763,0.195606041465203,0.607312352947555,0.0657375281209435,0.0284480181450798,0.89976988655012
"A5060500",0.0406284101186797,0.212024916623093,0.638700015674607,0.030173568442749,0.0134147859716354,0.953410954975154
"A5070500",0.0450422722212937,0.216932728527822,0.622720010822399,0.0370825943894675,0.0272582339150421,0.933360051481864
"A5070503",0.0861352830403511,0.197072986832435,0.615550978776402,0.0420642548646701,0.0258273525399881,0.931942374977112
"A5090503",0.0439609678830351,0.165054092817003,0.647892192651591,0.0258892168217313,0.00465432029918424,0.969752508571859
"A5130501",0.20326972657873,0.236640218720751,0.44408237958435,0.203922937386802,0.0590852513183357,0.71979651224977
"201001",0.0471965933928043,0.211971971060327,0.63119992012657,0.0348976166224437,0.0180625725974607,0.950627485195152
"203005",0.0458243757913238,0.243387772780295,0.628498242786423,0.033673509056773,0.0267467098500714,0.937063145141348
"203010",0.0335247369414486,0.200076037225575,0.643737359262062,0.0261949725104399,0.0127363847666837,0.959957316905378
"203030",0.0646303665556785,0.22002800619843,0.606738317477496,0.0468039245905666,0.0425866679154088,0.908655791727034
"204002",0.0380444395461222,0.220276435198667,0.625535620981604,0.0286357225132276,0.0275484866222603,0.939138372018821
"204007",0.0447405038307598,0.229326147714319,0.599815013198502,0.0425452792226614,0.0315895988324267,0.919019032347049
"204014",0.0567863568945535,0.187428086731575,0.651581177910789,0.0245301818086246,0.0338224745213465,0.933715873973133
"204017",0.0591871632847563,0.226531875597507,0.617470978553394,0.0506171351647403,0.027569784033457,0.920233989318105
"204025",0.0691149934115311,0.218676441009841,0.629535926749088,0.0449968269367804,0.0294446801059449,0.929003910140657
"204030",0.0397026655173943,0.234898785840135,0.629685992671651,0.0225034708342336,0.0516249987084965,0.915201965026189
"204034",0.0855087541169264,0.193329712388795,0.646835420510666,0.0426608430657587,0.0308051234659098,0.91815197219861
"204036",0.0379017455930786,0.233712201419599,0.644347325551372,0.0243299893921015,0.0305898862532127,0.947033616048676
"204037",0.0329427947544098,0.245917414982746,0.598042834164828,0.0353603925555138,0.0298573221627799,0.937016789581929
"204039",0.0501260704069027,0.211520403412995,0.627101073207308,0.0306010971699989,0.0317733226697013,0.932872049908576
"204041",0.0554625656012484,0.229159026977306,0.629461892995019,0.0403839994302834,0.0333419299823958,0.913508725493481
"204046",0.0441117318826984,0.222205990164086,0.614354652732814,0.0387032130660701,0.0350180536110752,0.919568989138211
"204051",0.0404257178870453,0.223309368265124,0.62493556105473,0.0309319449703294,0.0280069206811827,0.937920954583902
"204056",0.0504853732671747,0.236890807337188,0.590712278352649,0.0462699657270252,0.033969492611505,0.91779789271272
"204906",0.0366214526317399,0.232216373663224,0.607644099900453,0.0356074893141421,0.0245761460566204,0.937628033255587
"206009",0.0367991575826217,0.259358128896373,0.599054555768221,0.0183433895903969,0.0769304484294603,0.891669482874457
"206014",0.0438351573006407,0.224013408523206,0.644696286756394,0.0215716928189903,0.0251716491335538,0.948747789569321
"206018",0.0300095969293923,0.236071998108238,0.629008471732536,0.0187268451826471,0.0284928099537105,0.95107064887199
"206025",0.0236007302515046,0.230136417188725,0.627451568036113,0.0249887187857781,0.0219162394228458,0.950559185232952
"207004",0.0390973678306614,0.219957327104265,0.607079525727221,0.0459386870214763,0.0301777883010215,0.919939145841688
"207013",0.0407136315913919,0.20080724423713,0.634869860780695,0.0408272591976247,0.0193324188658221,0.938974942143481
"207014",0.047389695131981,0.210508494857197,0.650431055388726,0.0398272233066667,0.0204503091309702,0.938887504113866
"207015",0.0405656946971684,0.237917504321912,0.60669905897959,0.041073059343696,0.0369322321299096,0.918098014464505
"208003",0.0661672978262458,0.193678907526109,0.627540455716531,0.0329324783740319,0.0418105522764403,0.924984639505012
"208004",0.0392116620362701,0.218898912044726,0.613969459614872,0.0349178701278417,0.0462684809937291,0.904016585798254
"208005",0.0651972626070379,0.21460790472395,0.613832269930645,0.0313642207962933,0.0574511183085754,0.907857671677122
"208007",0.0537099389702943,0.260094455987974,0.538170201721044,0.0247504579819877,0.0875187402357398,0.88436364426866
"208009",0.105022195084673,0.193645020911462,0.627898193554292,0.0227314666267769,0.0555150021063734,0.906684650413021
"208011",0.0837653778882944,0.180730774313442,0.644231500899238,0.0276810722426155,0.058383712483997,0.90796530141506
"208015",0.0320303043197443,0.203839547030171,0.632226656946689,0.0335413479507524,0.0136025206267418,0.952230777605461
"208024",0.0759376097910211,0.259949967624324,0.56563751725119,0.0376742260595864,0.0869599827478175,0.854655002121567
"208026",0.0477977611000496,0.241733842320248,0.600454484361295,0.0263955583007723,0.0751606089591831,0.891727601849511
"209002",0.0557436991387635,0.161323808740522,0.641548273485948,0.0290342079237151,0.0162599319193316,0.954473266984525
"209003",0.0614775075812798,0.16383866422911,0.645159566945021,0.032933305303714,0.0152921128008528,0.949460900584966
"210006",0.0336606805807532,0.201944092709687,0.576570110923472,0.0186075409505972,0.0292860452425039,0.95173764639994
"210011",0.0853596632182514,0.170414417938172,0.626638831162285,0.0303076799041987,0.0177302956194997,0.950318640682427
"210014",0.0431293615940511,0.181246643603446,0.621715733335187,0.023281177742477,0.0316101258486514,0.938717764841783
"210016",0.047146904748159,0.195084585209661,0.634450360541516,0.0173524483062907,0.0379426008451567,0.933122861523745
"210017",0.0618889483668899,0.237321143016994,0.566380434408886,0.0382162111642756,0.0602415963917211,0.892380230929867
"210022",0.0812861637947946,0.175858664523379,0.616785288951327,0.0382433099897299,0.0290336272376772,0.929157045004698
"210031",0.0333882671210209,0.206733410132195,0.629717047056504,0.0178931877092591,0.0366765829167915,0.935524014596257
"210040",0.0669202403096905,0.233557959844913,0.680405745652994,0.0178174451257095,0.0289631931812468,0.946123348684075
"210052",0.0423926624014724,0.147171441573069,0.630867467495886,0.021360175414022,0.0205492671425426,0.953688136509064
"211008",0.110324690846588,0.122620968670013,0.68475317428074,0.0446364723120563,0.0197836812932986,0.931666714465678
"211009",0.038786755651577,0.175530579048318,0.638508538201104,0.0271791607636342,0.018892353175217,0.954008187165301
"211013",0.0303274463372544,0.17760580112162,0.65045316237452,0.0244494415406717,0.0203236447619155,0.952693554730426
"211014",0.0359070725759549,0.193186874423857,0.64335902897473,0.0302195666720916,0.0215992766141337,0.944292486549775
"212040",0.0508051146178518,0.188767434131233,0.654867196442584,0.0314734916881088,0.0126031009696718,0.956422589711245
"212209",NA,NA,NA,0.0416912505772354,0.0648618460862974,0.877268646272659
"212260",NA,NA,NA,0.0276351998773057,0.0467082969673614,0.932046648250238
"215002",NA,NA,NA,0.0298821242864096,0.0428128722393757,0.931585495317832
"215004",0.137026554102432,0.134490617504006,0.6719813298666,0.025402440267763,0.0175126962316626,0.955525288547806
"215207",NA,NA,NA,0.0282604627184338,0.0227001333068774,0.949003438238043
"216002",0.0332007984359924,0.161177627350367,0.67677776912673,0.0236636688505255,0.0273131741918991,0.951607590742441
"216004",NA,NA,NA,0.0424602195644585,0.0208212634463828,0.935330843142186
"216009",0.0326557315995102,0.199147738875339,0.639695970967162,0.0272466710076004,0.0216614069772479,0.955952131428073
"218001",0.0217862663766682,0.241020214366759,0.63666529321034,0.0204615697406905,0.0358667141946897,0.944109969193811
"218005",0.0196845265601562,0.244372517875626,0.632732821567128,0.020533046325308,0.0347536964377532,0.946308889855985
"218007",0.0262080883763552,0.212249879442838,0.649860312212394,0.0288250451415189,0.0227646269036429,0.950617305429919
"218008",0.0291747521876848,0.227927781719058,0.635128618842155,0.0273784346703059,0.0311099102224046,0.94394840249249
"219001",0.0115076614651967,0.230042535481694,0.620481660773156,0.0149103006839676,0.0368661893637834,0.954988083768192
"219003",0.0142656137815818,0.259312952260926,0.618462590596412,0.0150233927140666,0.0488689623836892,0.934466127187659
"219006",0.0160576575479999,0.246114124073063,0.63395651280374,0.0153527781575181,0.0425779222447961,0.936523772724684
"219017",0.0223533103191569,0.223656529044998,0.648001618956564,0.0218943269289393,0.017281153782226,0.961412257890071
"219022",0.0276723499000926,0.225676284836779,0.628679014994544,0.0279436667522983,0.0414532323600674,0.928385365370198
"220003",0.0205685482788994,0.220726084890983,0.64990824411224,0.0200062842963692,0.012986358367768,0.966692369257716
"221002",0.0344888776515364,0.219201129143427,0.669049553853008,0.0237757053455519,0.0278117055384209,0.949318867620824
"221201",0.0264859521721656,0.290350839638925,0.569127599966601,0.0257451662079432,0.0698247003623266,0.89621349008757
"221207",0.0399071717200057,0.289842324017321,0.56115689914202,0.0398439874121229,0.082551371660392,0.869272564755935
"221208",0.034839536763605,0.245449425706428,0.608802405992135,0.0348792968099545,0.0385526992197858,0.922933411643237
"221209",0.028822032494425,0.245111784195957,0.626128008141374,0.02846143627654,0.0420080657897073,0.925166695456152
"221210",0.026370823309247,0.230520070084352,0.643031060166747,0.0259146710562061,0.0271048761462442,0.946035266289616
"221211",0.0334093358499289,0.261712458552936,0.600876595661432,0.0293284466199421,0.0465065463791139,0.920216370262477
"221212",0.0298025144541124,0.256902052474912,0.601441328592711,0.0290053016581808,0.0458812124725348,0.922153313447365
"222004",0.0312374160506667,0.301688606014203,0.581234209339501,0.0324306153480772,0.0957515762742427,0.857919052003201
"222016",NA,NA,NA,0.306331141965943,0.134802437913667,0.533661962241562
"222202",0.0272840996991671,0.264703978371544,0.593330628260966,0.0288123029651687,0.0550444676777923,0.915677838752858
"222206",0.0474347624360649,0.283305843323837,0.56105481230907,0.051443741542222,0.0797721867497948,0.85882337074954
"222210",0.0506816256654256,0.278843648153289,0.567281669117733,0.0452155746533213,0.0730224095137127,0.867630689857992
"222213",0.118461665796225,0.292354214220879,0.468983092602788,0.125113760391314,0.0816248432238432,0.788037695824432
"222217",0.0303969267107553,0.248981411516806,0.609014294457406,0.0311324619489688,0.0392736228145173,0.924883602879523
"223202",0.0484415345302463,0.257218396964505,0.573555359654273,0.0492556220395491,0.0939731224270667,0.840408216689462
"223204",0.0267737325082751,0.256077501878768,0.601701690619676,0.0215741267618299,0.0321486113312924,0.940990710332735
"223205",0.0267012492578153,0.278563678346762,0.582572732803178,0.0263170378450332,0.0557882583853327,0.906814546149793
"224201",0.184948324469175,0.417259591244315,0.320083438928262,0.200397744165705,0.164559788122932,0.588833136264074
"224203",0.137782438297691,0.272456437191112,0.492555108494893,0.143929918209116,0.0819260455604769,0.755986676442574
"224206",0.221791068556215,0.296170270891049,0.374531125557104,0.219703359243298,0.121327440414876,0.618189020591232
"224213",0.249215653715259,0.232230520756481,0.404988215046835,0.229036953429755,0.0750014682920731,0.666520517475109
"224214",0.041495742947275,0.256209812104153,0.60109307958794,0.0306420353169544,0.0431545461387084,0.923399858940301
"225201",0.0251581822741117,0.224763428353107,0.641013733067528,0.026539659480606,0.0250279542905005,0.944983346726588
"225209",0.255190687375847,0.227979206911228,0.427479657338934,0.242317447818048,0.0657159097192112,0.678891479337796
"225213",0.0467745008827146,0.249260771547777,0.595223428402031,0.0436117725628873,0.033706702079159,0.917136354902301
"225218",0.0205519449643008,0.242021954153509,0.6378659513651,0.0196761589215995,0.0183309126738774,0.960306277504602
"225219",0.309437600001427,0.205275274177373,0.409472813714346,0.292186763871772,0.0478524384285971,0.638035815769868
"225221",0.217763258492888,0.223018448999023,0.459100974000442,0.200551084676598,0.0619004578095118,0.717339364668363
"225223",0.0575164798343164,0.185653854617344,0.718311634736641,0.0279288915618454,0.0308264700886997,0.935395355884926
"225224",0.0341552931799187,0.215879317700369,0.637995652923357,0.0255586218547015,0.0314781184919539,0.939687933457081
"226023",0.0817376268692458,0.194296298843038,0.586898666841984,0.0644539485877841,0.0399132347717501,0.883574968121098
"226204",0.126929054134352,0.355580357621817,0.44571404287152,0.119488693891659,0.164463745097375,0.693279833383904
"226205",0.211027254859222,0.339511042878381,0.373502574310548,0.185073666826346,0.222558526545245,0.581381270047038
"226209",0.189163628804091,0.229184970149279,0.492700498667961,0.186022975562912,0.0554744909884206,0.747427364647659
"226218",0.299335472718026,0.315731280361698,0.303819051601005,0.301858557668,0.175222505261663,0.493609499642246
"226220",0.247929364895835,0.285987117336783,0.386894871192821,0.190184197192508,0.168421426731415,0.629245790895502
"226222",0.19238841411705,0.275851976941674,0.443628310677327,0.137949220172677,0.261711130706935,0.567544620191144
"226226",0.192434725950419,0.285351242807059,0.423459413994167,0.178035108855412,0.0916130089762589,0.714922717180398
"226402",0.155985245876667,0.238089914340026,0.514055837363318,0.158486720643695,0.0567672660314858,0.77435415556458
"226407",0.147795533767035,0.183631516648061,0.57824019583885,0.111520710639797,0.0545425069021959,0.835598495188347
"226410",0.058170153199087,0.245279931161432,0.580959260592704,0.0576165100244947,0.0274090247988141,0.911517225460019
"227200",0.0279138423265989,0.233565080260282,0.630622094344561,0.0264612080430417,0.0247987118142435,0.945697923328367
"227202",0.199359927835143,0.226394549250382,0.477447950400313,0.20166618919765,0.0471587430057162,0.741001463541194
"227205",0.0462630955757651,0.234954544773279,0.640385883636106,0.0371060986654882,0.029909858908615,0.927884428110269
"227210",0.0340176266064576,0.259765248218451,0.594047857739957,0.0347628613661665,0.0513311377961654,0.9094919651305
"227211",0.0604148854196115,0.233052306195368,0.602200514996604,0.0596213577254046,0.0246099404270757,0.911608983090118
"227213",0.0322313980069926,0.246713999828986,0.612698394491205,0.0321184513313692,0.0357992099312174,0.926948596847336
"227219",0.154776196197868,0.206672032049811,0.554928412443122,0.138299374196163,0.0228732466971024,0.833969806306667
"227225",0.0344946600656525,0.242406504298936,0.614737268591643,0.0299559304786799,0.0357683393975313,0.930124819308098
"227226",0.100258313559705,0.217940661069227,0.574857418287591,0.101187653847292,0.0262554290409863,0.868393246663578
"227227",0.141069265116997,0.210286995100268,0.561523213946137,0.139347914025907,0.0255846574090555,0.829412722303975
"227231",0.148243752055574,0.208776501957013,0.555001922404668,0.147785233723144,0.028433211899276,0.819897983986724
"227236",0.126953993809964,0.214522349990779,0.576641422711807,0.12394678802366,0.0265792980542739,0.846516581545214
"227237",0.0632231463829871,0.216907939963033,0.622858551784625,0.0628077127992541,0.0227278777404367,0.90968728128218
"230205",0.0511963226164461,0.233845716089009,0.589249285502256,0.0529951523527741,0.0369771820203644,0.903515603968753
"230209",0.123174919861018,0.420498335736989,0.34583491135821,0.131722797806647,0.302482204367834,0.526223402568591
"230210",0.0579115417233249,0.17708033187376,0.631893689545236,0.0326720029733067,0.0228267118856009,0.942211732653989
"231211",0.0488355543741689,0.205104379066247,0.618599225552422,0.0515305661089505,0.0242062506506666,0.924698374878012
"231213",0.0826417552433222,0.239206963558651,0.570039823198244,0.0798573612238234,0.0439547369504362,0.866914021379271
"231225",0.0872303841610946,0.248374854853478,0.553220788762072,0.090606598269167,0.0471220524148723,0.854185636988373
"231231",0.0316557227498887,0.221915355791309,0.654751540922734,0.0278273349086173,0.00904387168130246,0.96200967251301
"232214",0.0634284812160555,0.234233521977699,0.531082634787753,0.0947567668202912,0.0894450658241429,0.801469440328432
"232215",0.10268602365077,0.283550885694303,0.495392554380796,0.103844268157318,0.0816066725108637,0.80215948603178
"233214",0.056296522691464,0.235818421319891,0.599025641060309,0.056233601470453,0.0170613267236476,0.92468200725778
"233223",0.0282050058934382,0.213310740954138,0.653760968694823,0.0274071503439702,0.0138529217425055,0.954913429445758
"234200",0.0451415946466791,0.238662153573183,0.61869791723084,0.0427726700035147,0.0268517711354691,0.920813074942962
"234201",0.0419510083358533,0.240544639160646,0.601245174415753,0.0443191152120743,0.0314578127084378,0.91415981779406
"234203",0.268877734804368,0.223770018978039,0.408141444841167,0.272177954440787,0.0627766503385212,0.654223455534754
"234209",0.109798627584105,0.212843231148297,0.580711798641412,0.109779811012465,0.0271388086698155,0.862138770251399
"235202",0.113645205163278,0.226776410946064,0.563843951025292,0.128322740395373,0.0376149500596099,0.827821118852377
"235203",0.149914039898092,0.195580022198071,0.560174689526925,0.14985172758171,0.0250316981273571,0.821902712868301
"235204",0.216020274372631,0.17958784089776,0.527124341455339,0.19571477126211,0.0341000121755617,0.770197969739325
"235205",0.314515654464059,0.214741607207478,0.391433819266954,0.316559490995847,0.0660640511917621,0.597435584386483
"235209",0.0833229464401869,0.204186877919314,0.626748926462134,0.058938678130717,0.0175870416376753,0.921519345066001
"235210",0.208060319390979,0.215718693062327,0.49183563408546,0.206942215353215,0.0464325344301693,0.736766134754772
"235211",0.207196895597295,0.218615898843746,0.472708636065358,0.198655239890133,0.0336985826722551,0.764266027589226
"235219",0.177281990299597,0.199777476821788,0.536435159975037,0.169137728139158,0.0331476904067405,0.791020243541958
"235224",0.309983172181293,0.202253518981305,0.41650162195917,0.310326839627555,0.0577409518925577,0.622233243293874
"235227",0.215196382802895,0.207399930500296,0.494030801908717,0.213579428651482,0.0478766368620327,0.741078554705521
"235233",0.0985908205660295,0.201387290456393,0.582195366698395,0.103009251516545,0.0224747348501356,0.869341965744801
"235234",0.134232473290347,0.220705782746236,0.536704282926916,0.138904669979088,0.0422999002778359,0.818058046272523
"235237",0.1702161001036,0.206951825834078,0.527245104627679,0.150008863300483,0.0251266016082415,0.823038682172263
"236202",0.0521535673806645,0.273084311275879,0.562351987935616,0.0541824989124579,0.051999785527881,0.891279893194846
"236203",0.0546252303409557,0.262721877112761,0.561267084614785,0.0693885303535126,0.0819342016626606,0.830461944652885
"236204",0.0509046579811668,0.259602701668722,0.58336271965617,0.0630011497530054,0.0605402954745175,0.858815800072395
"236205",0.0931020430900607,0.214749875542384,0.583023967864726,0.0913392710778882,0.0263108496769587,0.878942434873652
"236209",0.14323291514488,0.292010093419139,0.434782805832376,0.145938079878752,0.0941900877782997,0.733678969439571
"236210",0.116304411907747,0.28510989418396,0.487330359375666,0.12432325307264,0.101437835899309,0.749239465282646
"236212",0.148451359434117,0.210975335264519,0.54407940347935,0.148914271540669,0.0341980820956385,0.811050311304894
"236213",0.0827547893171229,0.24188234733476,0.552328634892806,0.0488388376067099,0.032732370654989,0.90918184033826
"236216",0.196049389580115,0.322741778548444,0.380704234822063,0.132019683669745,0.0794208517032823,0.748996237353307
"237200",0.131683071208197,0.216029991297646,0.566130715383429,0.130202800600444,0.0461258982085476,0.813235373695723
"237202",0.186502224835294,0.255224686466153,0.461128062357428,0.18356486380877,0.0708714069701221,0.732785424502852
"237205",0.279409228431708,0.31412853545179,0.299401172709226,0.27998871449742,0.154947893437108,0.521936446927338
"237206",0.233492489113353,0.244605126479336,0.424145031192953,0.230430186667297,0.071514251849358,0.687603402963441
"237207",0.230740829166289,0.216542527727621,0.447485779124791,0.233556380753402,0.0497154068030667,0.706829778852123
"238204",0.148439606434646,0.373942089684901,0.364104333236488,0.149863276391313,0.143594554612518,0.676593946710921
"238208",0.123403483145183,0.30580272209718,0.481191682954439,0.117703636484753,0.0994954396077631,0.752695050900846
"238219",0.137928062174572,0.237241781033849,0.496980791387296,0.129770608767831,0.0505636720724565,0.807491467255313
"238223",0.136804772544262,0.224656587727912,0.535245843474965,0.136775670565617,0.0331703896152512,0.822383674505357
"238229",0.141640135430353,0.238634913879944,0.517969830979449,0.135424977920918,0.0381765252463927,0.818510866797368
"238230",0.100765519341304,0.215133750444211,0.576656486191335,0.102005139154046,0.0242039663414848,0.868859767397781
"238231",0.251144770443109,0.265201102973427,0.392677110001187,0.256901123334066,0.0914220519426884,0.641278943142795
"238235",0.140657124151296,0.220320042178452,0.532583514090102,0.140433088241066,0.0401393544925955,0.813272284650236
"225020A",0.257173455271834,0.209833047968213,0.445196389303868,0.213756859718746,0.0613990190075684,0.713318997295102
"225110A",NA,NA,NA,0.232681290016991,0.0473359535788751,0.70761913531787
"229650A",NA,NA,NA,0.306677026609107,0.157315030781829,0.478105281079056
"229661A",0.368451042793936,0.187604073104791,0.373167406098982,0.380333157051294,0.10021575305725,0.527138370319887
"A2390519",0.116575574219397,0.267455200228409,0.500812643647979,0.121220745697953,0.0545441000692444,0.826623833876462
"A2390523",0.196303418990533,0.329623475442145,0.329601574997562,0.275896468410138,0.12842613252644,0.572943637289197
"A2390531",0.0647882464662648,0.267771913218949,0.52659290435989,0.0635283832914011,0.0529221718588967,0.876686802900938
"602004",0.0542330678534165,0.235592044544455,0.598306899685106,0.0534890175106249,0.0263168735686486,0.910987545796488
"603003",0.10475696110463,0.268919387750175,0.5227478423259,0.0991076474200568,0.0516307114391667,0.836725780657648
"603004",0.137545901444042,0.253781593535695,0.496144797890412,0.136650011255725,0.0493992893849865,0.797622611208105
"603005",0.199611515936597,0.251594577523085,0.461589218672476,0.19253210026962,0.0635963218247965,0.731563308485632
"603007",0.0520227670497241,0.187404895873422,0.634385406891587,0.0559105461056886,0.00883063004419767,0.932229810110958
"603136",0.201913221299442,0.262259326953651,0.416673935304117,0.208733079408315,0.0665508517517701,0.711313945673461
"603190",0.117068982396881,0.253760547942754,0.521111530574099,0.116573399398952,0.0368442944201935,0.840238611587174
"604001",0.186269992119731,0.275691015160887,0.431329932965794,0.18044005960261,0.0716380929441693,0.719682798052563
"604053",0.262220813895405,0.245339846066405,0.390942782296917,0.260771575794559,0.0650116656980133,0.658902869482691
"605012",0.273853019807505,0.23737127665423,0.392793853650718,0.271398304499677,0.0662614428926391,0.645088907456199
"606001",0.336924452127815,0.230023855813231,0.344070687677024,0.332821887654397,0.0708786459976521,0.582247928055879
"606002",0.322893258357416,0.206920247705011,0.372915793844484,0.323482336052314,0.0542487460091671,0.608612709233267
"606185",0.417754633325117,0.161811793245062,0.334894135287044,0.372915459038738,0.054537835554479,0.551160282505787
"606195",0.390076839635522,0.20035341701928,0.326282062103894,0.38505964940328,0.0520065141985721,0.54873314894309
"607003",0.331737849254855,0.236583638878864,0.332940749581179,0.323303335296153,0.0720520234253446,0.587116012144471
"607004",0.216741268712986,0.273926076356497,0.389227810430058,0.234673039600019,0.0825148857109533,0.675572675680045
"607007",0.220175343555256,0.225929229685783,0.449276439382419,0.211410624587585,0.0539506186670531,0.716865495155856
"607013",0.485903858510872,0.189297210608102,0.253301633026748,0.481631992158572,0.0738053419842874,0.434501343129967
"607144",0.342353683482271,0.24761659596165,0.33079475919323,0.341060802008321,0.0779603262347209,0.571635671452444
"607155",0.372756520966735,0.164131963317953,0.39319383606876,0.354437834918134,0.0329747539303078,0.605431000956509
"607220",0.422330486650739,0.216786133168197,0.260604502887983,0.430487341568488,0.0783710481550077,0.477603491783825
"608002",0.409845244665446,0.184126513921307,0.328880943394714,0.406473800005781,0.062935854509736,0.519299781197811
"608151",0.421964623107504,0.24410739694377,0.269055238842647,0.413425875258093,0.0892471335592601,0.489129702349002
"609002",0.435401500729381,0.201865194360814,0.279432828965918,0.428976318434024,0.0639294846144768,0.495264108156256
"609005",0.0619856251009979,0.216712093285437,0.614715229597783,0.0593863858004699,0.0155176414812721,0.917494380539614
"609010",0.0324104445811866,0.233891105540823,0.634085879849251,0.0276009822141871,0.0222734471303402,0.942473839525757
"609018",0.316603891952859,0.228700715156989,0.341199226815673,0.334741914593067,0.0788063482568612,0.578535259457072
"610001",0.484555599743616,0.224827272511045,0.231397162660144,0.477567220231795,0.0804145225198013,0.434285721106518
"610008",0.419188158466437,0.223668405323698,0.277980786850003,0.455566448872244,0.111281372212323,0.44757799486304
"611004",0.329292337823275,0.200663168160371,0.389493331982451,0.322756356482556,0.0497812503705903,0.616168249744006
"611111",0.298511941845094,0.232594296819461,0.380898696035254,0.294037626653064,0.0622415821714978,0.635799409549296
"612001",0.162683660728941,0.236884494451402,0.478829838424685,0.163334446981929,0.050587750218614,0.777145105816693
"612014",0.136006516359225,0.236883511173397,0.509061538192611,0.138122494713384,0.0509744984474962,0.800480007972989
"612025",0.163898112541082,0.24352867613039,0.478849277048834,0.174898917834723,0.0558811624653622,0.756668140286619
"612034",0.190857843165367,0.270077462538914,0.437307655682912,0.109410657178854,0.0607653093150416,0.825864894320643
"612230",0.131620677420721,0.211671702402903,0.548878146515144,0.134323834170488,0.0214994429241464,0.838294275413574
"613002",0.416795570017792,0.28608175684475,0.23793698827627,0.415644210948204,0.144076512770215,0.423667064126279
"613146",0.301052497710534,0.279411824693327,0.349915232338973,0.305334193015057,0.107351236890529,0.57905671230517
"614006",0.384212945185629,0.171161896475702,0.345863261642401,0.29146044142004,0.0633951293822614,0.631298825299835
"614037",0.208544734776511,0.214375654294742,0.452928135268407,0.215794058380225,0.0558480650158926,0.72911542785073
"614044",0.226985233130992,0.250606079799594,0.426373449014709,0.202589506986597,0.114483117089901,0.685796322740558
"614196",0.279687661082669,0.201349620383048,0.427087787350511,0.211216307406326,0.0418508872038295,0.732495074622325
"614224",0.208357620982851,0.224778452814226,0.438863709380344,0.215591698743156,0.0545230160886263,0.716583539765823
"616001",0.397464737001582,0.165177422769043,0.362983323300137,0.345962720993599,0.0546696653724765,0.587883945891187
"616002",0.156776962154262,0.261669090630459,0.455794841538079,0.107560540110861,0.0687271027239316,0.817298219776603
"616006",0.409305678392632,0.220795463696604,0.281830470524891,0.406997118086955,0.0810479573374531,0.486579021934874
"616013",0.19052218231429,0.277179894213758,0.409620968786813,0.146692940421811,0.0741443368369845,0.770084973165401
"616019",0.433732429399894,0.210203686186018,0.268798426653934,0.419527396029355,0.0813220211540231,0.492015228862311
"616041",0.302660507091268,0.306723241979014,0.313058647157167,0.309880453169448,0.124919029775875,0.558485167009447
"616065",0.405933634424665,0.157468506029414,0.373230671222061,0.290068135127077,0.086648765111331,0.621517722492676
"616178",0.319127235265175,0.220535275136076,0.372140290262263,0.313196265253804,0.0744122714594649,0.618340865475217
"616216",0.160102244127466,0.275707398335279,0.425295945367418,0.16169495887992,0.0823334259042274,0.745884750488146
"617002",0.0681563621233137,0.254926694683888,0.593144679166408,0.061507949853547,0.0262448887377271,0.910604012576211
"617003",0.399557488600967,0.251523142336308,0.272430685856499,0.396916766784489,0.0913433800698895,0.497023785753337
"802055",0.176601743273631,0.219977880074913,0.497341613616962,0.188159501299125,0.0373814094028504,0.765820043994997
"803003",0.128182981208964,0.174679722819371,0.600040337381168,0.110373657051853,0.0180857230801483,0.870352867244389
"804001",0.163635148179061,0.207565398784472,0.528588594872023,0.143180005654087,0.039927430747494,0.805632252301003
"809310",0.0739253546737316,0.184764757900833,0.612153144283942,0.0591023956247553,0.0154454271429987,0.922985782877752
"809315",0.0751216988000227,0.225855078594413,0.586113161011623,0.0770495582832286,0.0226334143751922,0.899150803871369
"809316",0.0756805913403076,0.187941697162933,0.575736855753732,0.0771445668826498,0.0220205567538172,0.899566153500512
"809321",0.0943282793351062,0.235147610254834,0.55770325244403,0.0934367629175842,0.0273268041470253,0.877341661232548
"809322",0.0964129195808806,0.206528778569481,0.580371307052523,0.0910776989081842,0.0281131181738572,0.875080236866417
"G8110004",0.162702674249282,0.161543350405591,0.585664400933368,0.14021032495766,0.0363569013994002,0.815676279156255
"G8110016",NA,NA,NA,0.0806720070585409,0.0134391860483965,0.90900878711828
"G8140001",0.343232710661929,0.12251034149669,0.447203955175794,0.303748561116891,0.0395981225835913,0.649266987416577
"G8140008",0.298756195756001,0.135922672441048,0.479815342435658,0.170750250887962,0.0167689814693519,0.812024844095294
"G8140011",0.171515018475107,0.17053712480431,0.589373198362859,0.0953032323293146,0.0401091011904668,0.862553689559775
"G8140040",0.344310856678366,0.147015216537415,0.419248072267755,0.352472668509816,0.0677424605015479,0.586880531099854
"G8140063",0.285115894556979,0.18786645087728,0.446342951933352,0.113471434312867,0.029717893281465,0.853237249887237
"G8140067",NA,NA,NA,0.304426279859833,0.0540828572856834,0.630356121338554
"G8140161",NA,NA,NA,0.208848137368719,0.0338934982879432,0.749037648283634
"G8150010",0.247216013898877,0.136882191069553,0.518311246393401,0.232861170520901,0.0304094642745153,0.732569757206771
"G8150018",NA,NA,NA,NA,NA,NA
"G8150098",0.209732783601282,0.202727810824863,0.52285080420166,0.166757144873348,0.0203662357586304,0.809912936576797
"G8150180",0.237382965534692,0.166507053084412,0.521539882272317,0.220364718481262,0.0310295214062908,0.740211580341253
"G8170002",NA,NA,NA,0.160021597423503,0.0197041167270493,0.826094909479224
"G8190001",0.154086216028532,0.186524506403438,0.615281145954458,0.147036978505148,0.0211799558493601,0.835557634583064
"G8200045",0.320308741314735,0.103712292547939,0.485334294501933,0.226622055110289,0.0301877739801459,0.739283836139849
"G8210010",NA,NA,NA,NA,NA,NA
"302200",NA,NA,NA,0.0277930859794871,0.0219818842754346,0.945340702614922
"302208",0.0210919756768612,0.23673653730061,0.625670838894241,0.0214954782496581,0.0160693521937889,0.957685175060777
"302214",0.0807979557479241,0.168171981022894,0.655059034198024,0.052665421121109,0.0127268644943221,0.930624811832677
"303203",0.0530370720776686,0.20056353640066,0.628816069800004,0.0347300943332898,0.0307034621148054,0.928725853945657
"304040",0.21726982604376,0.224089870076947,0.469674131319293,0.214687950658673,0.0424352347553544,0.728718854742083
"304497",0.346516475159163,0.190246539135241,0.386577727909269,0.343022536258397,0.0381142421792709,0.609411283706553
"304499",0.207738528003761,0.219331896940561,0.490604151109938,0.204576214554789,0.0353828387860473,0.74928701422547
"305202",0.0333780815403703,0.226241609933837,0.620042849684986,0.034921906074993,0.0235090625822158,0.931165271207199
"306119",0.134078058951484,0.18836272065756,0.581499775355714,0.116202348453548,0.0202473444606888,0.863042340807636
"307473",0.141098068961554,0.186376265677834,0.582623737371609,0.12049524613429,0.0117765853844335,0.865452448178844
"308145",0.111003260790493,0.221306741804009,0.565435534713752,0.115690167820452,0.0205587767199801,0.857663194987291
"308799",0.12464377003926,0.191935285504961,0.579296975958696,0.134310970487004,0.013241778200642,0.849917641034989
"312061",0.357479119632487,0.184471606551861,0.392082428124584,0.35210811633853,0.0365245816272602,0.602361312018483
"314207",0.27933478733455,0.186451865822183,0.446784244982377,0.282366972933355,0.043404270138967,0.666771199142294
"314212",0.33255799516926,0.173823467892564,0.395204949600946,0.336790317163189,0.0650099506495661,0.586568604475381
"314213",0.318707510888469,0.165591139230512,0.463619960879181,0.258339494412709,0.0367628394132657,0.697874674770201
"314214",0.389678555486286,0.160910350214367,0.373315027600463,0.395507423116579,0.0483317329714337,0.544062763330647
"315450",0.192162788219953,0.204793851148247,0.514221292061989,0.190917675860805,0.0216162901792608,0.780423620360641
"316624",0.282053616704568,0.187544297521864,0.451180974130995,0.278655440582343,0.0244605749204315,0.692135670519357
"317200",0.1764576443946,0.194903825287541,0.537230928268067,0.151223813033349,0.0408125126852355,0.800496446920092
"318076",0.259488951677063,0.220852554020357,0.452660697772853,0.217632631726291,0.065973419812767,0.699885403779878
"318150",0.056282211316333,0.23869813527662,0.591740303323297,0.0532135042723689,0.0397436463958248,0.891399317831367
"318181",0.114368402707608,0.203416791893151,0.606152263679225,0.0695779267604015,0.0453244349717467,0.870930690539902
"318191",0.0794307256365057,0.155682202203934,0.647569469876142,0.0375240908381615,0.01442199423907,0.944211997472525
"318311",NA,NA,NA,0.0600735789616862,0.0227131122933616,0.907296341162123
"319204",0.232271678913445,0.131600322693535,0.573088433018594,0.150967073428111,0.035208436231486,0.80369097353934
