"grdc_no","varSeas_stl","varInterannual_stl","varRem_stl","varSeas_clas","varInterannual_clas","varRem_clas"
2106100,0.468008047968802,0.18029319158503,0.308609436521049,0.436643308271175,0.0623077105340836,0.483695006314116
2124010,NA,NA,NA,0.0821222011698364,0.00493995278118468,0.914768626509633
2124050,0.0786711239517598,0.193584782756006,0.663712081255408,0.0552778194006355,0.0141268607988026,0.931386019078031
2124100,0.0522410569473248,0.184798827174579,0.656998494711472,0.0544193195881809,0.00317775092109981,0.943156569277308
2124150,0.0703254696446775,0.160276596795215,0.770091231516979,0.070832852922405,0.00348440160996086,0.925748164200199
2124200,0.102451209028032,0.141740783160677,0.715076806869483,0.0638469304333624,0.00758330978819701,0.925787926820461
2124250,0.0483177196344197,0.19084875482705,0.656546201556237,0.0495540042115415,0.00426974464984613,0.945203629465596
2124300,0.0634172522687291,0.189120981299519,0.659237317297777,0.0572341669824572,0.00615336504488163,0.93613440195373
2124800,0.021617834433649,0.123039688847497,0.623398545836746,0.0550466227160667,0.00454223696052332,0.935310222545599
2124900,NA,NA,NA,0.0671870326015511,0.00388983382731835,0.926981370337702
2151100,0.798145663276988,0.0526471689811071,0.142512757874039,0.754655430910045,0.0434180171587449,0.191929272256304
2178200,0.288451778860579,0.0983792928571015,0.566145934495932,0.257057455382598,0.0249078351635703,0.711151459734359
2178951,0.106698826130257,0.180266966376384,0.61593580445702,0.112669114012152,0.0185606092593602,0.863012426506628
2178960,0.138118007646288,0.172776007191925,0.590184980399129,0.112415597592543,0.016854415244425,0.866535949638402
2180400,0.39190951329081,0.235077258243377,0.295782093814792,0.385901924665073,0.100485590767174,0.501964473538851
2180600,NA,NA,NA,NA,NA,NA
2180711,0.587060199013057,0.207406950768497,0.186992673460104,0.558173425892676,0.0893235449732346,0.351435090866382
2180712,0.235131627735044,0.513755790525717,0.132816727159633,0.231741446340998,0.417118080265447,0.28301410350881
2181100,0.104814314972527,0.199653530514526,0.614613259476879,0.101940466768676,0.014023778920109,0.883331258513965
2181200,NA,NA,NA,0.76685680400816,0.0170505193249891,0.220176619856031
2181300,0.689699201410855,0.0998369580072623,0.151140920655884,0.708908519538647,0.0358899018209931,0.250503434656861
2181500,0.664076997820259,0.150315194773744,0.176840028569033,0.618486300230183,0.0631794480420767,0.310653666788473
2182050,0.488134065596761,0.115384603419033,0.307918890679823,0.516382446360284,0.0327826984773176,0.450866644459375
2182150,0.194317723312465,0.186615536208122,0.537289272353663,0.187514810506652,0.0270212796141469,0.76869791180015
2182250,0.167098997299713,0.231183657937293,0.512056741719348,0.161170301687604,0.0383761354744587,0.800068939179436
2217100,0.590729580766476,0.158752234527427,0.172101666474683,0.597088992778333,0.0821420474915731,0.306175384663582
2217101,0.669859340425548,0.164477856950042,0.148323941473842,0.6489340413053,0.0704847934989376,0.271644287247626
2217102,0.560158634344827,0.15754394000792,0.171303112107998,NA,NA,NA
2217103,0.672797697768462,0.0948463554569125,0.141191733704283,0.700446977541431,0.0598981923382248,0.20319729417842
2217104,NA,NA,NA,NA,NA,NA
2217110,0.611779566335449,0.128243189175256,0.144614124690853,0.645317499477018,0.0877693109774713,0.232368048049365
2217120,0.723223676053765,0.139622146567213,0.124711900504861,0.695136600361192,0.052701320947678,0.239759224073583
2217130,0.705709711299614,0.119610580564314,0.127413351936854,0.698269467178116,0.0590841266734091,0.236827587303186
2217200,0.775250934775787,0.0793802200406532,0.104928541563434,0.789695132353256,0.0389618065460589,0.174229700148617
2217201,NA,NA,NA,NA,NA,NA
2217210,NA,NA,NA,NA,NA,NA
2217400,0.25600675887326,0.189806577108507,0.468593973453644,0.234369583645406,0.0751456220125623,0.681512028379941
2217401,0.307454683833079,0.158244750225383,0.460272514814582,0.292746952716914,0.0332552424415121,0.666096231928788
2217450,0.60511113114718,0.169663164495306,0.17165907158209,0.5717590022469,0.114412892847139,0.285878140109287
2217451,NA,NA,NA,NA,NA,NA
2217460,NA,NA,NA,NA,NA,NA
2217470,0.169339532854011,0.188771453946006,0.59140683977598,0.171498306787399,0.0523620284976737,0.777661236823829
2217480,0.212703529025907,0.321869959343906,0.397031817710407,0.184657173948511,0.200302667996722,0.566812740346814
2218100,NA,NA,NA,NA,NA,NA
2218101,0.489892034621623,0.284579266466747,0.182594147636297,0.435392898443137,0.194559644212131,0.307626961823621
2218120,NA,NA,NA,NA,NA,NA
2218200,0.696335456216312,0.104399073514763,0.167427358945273,0.672115589140631,0.0574059272910237,0.259072598310929
2218201,NA,NA,NA,NA,NA,NA
2218202,NA,NA,NA,NA,NA,NA
2218203,0.710154905136239,0.0937196545919817,0.177402833941137,0.679445551477272,0.0470948782717276,0.267271255254882
2218204,NA,NA,NA,NA,NA,NA
2218300,0.463189788595298,0.207509592106294,0.300300543297806,0.432210600178873,0.104121915905387,0.44767595382929
2218301,0.51930148389198,0.19665975891605,0.246867817032456,0.499569003608233,0.0953897718417958,0.393666237911545
2240100,0.794541343749266,0.0810010617583406,0.080490147540378,0.816504900649064,0.0488833074172538,0.137290823016446
2240102,0.550864210461405,0.194629233519613,0.158805699847368,0.565222175488047,0.0892346810453798,0.306026639201587
2240103,0.470627449653375,0.195912159582558,0.241022315874054,0.473779319922594,0.100344352138384,0.425189624881002
2240200,0.806618295030663,0.0570038345159928,0.0703088232012969,0.853388893337681,0.0317689252074274,0.112061836923049
2240210,0.795192907779664,0.0920753712659926,0.0901161637329405,0.783742059104409,0.0436512502543421,0.164764299732911
2240300,0.711469166974536,0.0930115223810564,0.111676992880937,0.740029932383972,0.0445568272778455,0.208282139242453
2240301,0.795306880462625,0.0677117956161009,0.0998982509636233,0.804876635830554,0.019524851989145,0.164906547729027
2240302,0.815571213899097,0.05458173726506,0.0976357807298471,0.819622347425636,0.0167575447375222,0.160984863077263
2240310,0.736785888162981,0.117655916730359,0.0869458876159513,0.741990386612458,0.0641509220323329,0.163660691000401
2260100,0.644425678997312,0.114646235461666,0.20133524336715,0.627979305786256,0.0374012381459987,0.333826523179654
2260110,0.760936213973273,0.0654226445541653,0.153657659395465,0.747098159816404,0.019816537515076,0.227342862940086
2260120,0.796715654258812,0.0603081113723225,0.12581186126627,0.786669301056151,0.0203088872696053,0.187498780261362
2260400,0.816297751856806,0.045386036410864,0.117939809679889,0.812975719460998,0.0137508106971236,0.164657882647116
2260500,0.794582667389496,0.0582515814355906,0.126725889448523,0.774725086478405,0.0401822667771698,0.177626644679726
2260600,0.844316320092098,0.0522236825753626,0.090333241323372,0.834257867419345,0.0243499242691914,0.129792763095594
2260700,0.847874932894283,0.0425125294518186,0.0935297471995664,0.840444710218128,0.0179277072363784,0.132013702353894
2261500,0.617506398447353,0.184728366781686,0.156827918465617,0.640739226138156,0.0784252469772743,0.269280643698178
2261510,0.734630481402944,0.0801393917028415,0.139669561190814,0.658016081321766,0.101354504851343,0.229041167227184
2263100,0.619872556267351,0.101017440243079,0.219146473124422,0.644598423067885,0.0186013997650506,0.337295908653571
2311104,0.635349973352882,0.128357131872417,0.188194572696695,0.654198368447868,0.0529703764732697,0.290896932876112
2311109,0.729060493150752,0.10726273216997,0.140949473474757,0.719349797225642,0.0546854047401955,0.219155704047685
2311206,NA,NA,NA,NA,NA,NA
2311300,NA,NA,NA,NA,NA,NA
2311800,0.659835538039223,0.059126234115843,0.224325360931182,NA,NA,NA
2311900,0.42621098281254,0.0531831104504624,0.464141825411806,NA,NA,NA
2313500,NA,NA,NA,NA,NA,NA
2314400,0.864346366333873,0.0349705463272523,0.0521178237225875,NA,NA,NA
2314500,0.558518043662865,0.120083885941652,0.201876222283322,NA,NA,NA
2314600,0.765324462588705,0.0534278811798345,0.121901083077762,NA,NA,NA
2316200,0.246652239320495,0.566913572146503,0.120239576538566,0.25771591207932,0.463948631959023,0.255931068681624
2319200,0.459359911936805,0.187250564896245,0.29126296208214,0.388924962620879,0.0704069415676402,0.534849068533469
2357750,0.210920334627973,0.127285357226406,0.566738985334704,0.173084678439431,0.0237669919285196,0.804157756548857
2369010,NA,NA,NA,NA,NA,NA
2369800,NA,NA,NA,0.3634051619272,0.0332165464044127,0.58588519215178
2369900,NA,NA,NA,NA,NA,NA
2369901,NA,NA,NA,NA,NA,NA
2369902,NA,NA,NA,NA,NA,NA
2369904,NA,NA,NA,NA,NA,NA
2369905,NA,NA,NA,NA,NA,NA
2369907,0.551609220188288,0.0951939933160151,0.332519159835512,NA,NA,NA
2370502,NA,NA,NA,NA,NA,NA
2370510,NA,NA,NA,NA,NA,NA
2371100,NA,NA,NA,NA,NA,NA
2371150,NA,NA,NA,NA,NA,NA
2371200,NA,NA,NA,NA,NA,NA
2371300,NA,NA,NA,NA,NA,NA
2371400,NA,NA,NA,NA,NA,NA
2371450,NA,NA,NA,NA,NA,NA
2371600,NA,NA,NA,NA,NA,NA
2372102,NA,NA,NA,NA,NA,NA
2372103,NA,NA,NA,NA,NA,NA
2372200,NA,NA,NA,NA,NA,NA
2372201,NA,NA,NA,NA,NA,NA
2415400,0.281381437788654,0.310607125579773,0.179648366058162,NA,NA,NA
2415800,0.633193744341848,0.0759937630815571,0.192416675272174,NA,NA,NA
2415900,NA,NA,NA,NA,NA,NA
2416680,0.649187102704235,0.089219097919269,0.13491016415482,NA,NA,NA
2416850,0.692262608358501,0.139008174818656,0.146628424853075,0.640747497483084,0.0810158363710185,0.262699959730087
2418700,NA,NA,NA,NA,NA,NA
2421200,0.304534017677441,0.273752973533788,0.398081172846569,0.209903071718203,0.142450297228657,0.637787149004815
2421300,0.0886585831473861,0.226268181955244,0.582439415108362,0.0818267684135678,0.0445103400090792,0.869266837929938
2421400,0.422614411503868,0.281266393043251,0.223338531451886,0.355043172707901,0.177966391087359,0.429136311308659
2421500,0.246564977862723,0.478392142373119,0.227970466782155,0.33398392245671,0.225804903404413,0.439984720097836
2421800,0.193298129450101,0.247319362405467,0.484286311721004,0.214864017395434,0.0901314802981039,0.692830630766849
2423300,0.673387106853275,0.135859615179843,0.193515910975085,0.44747005507296,0.0919504918415436,0.47112106204954
2423350,0.358251935912376,0.270543368050443,0.28102842317985,0.339764017364901,0.113421307662966,0.533863551978469
2423500,0.0480980032648823,0.631371085222928,0.24030392954365,0.111660168720913,0.417294137182584,0.504964145756575
2423800,NA,NA,NA,0.503364344865629,0.102193568631834,0.387802694584832
2423850,NA,NA,NA,0.358214977553213,0.146114661334626,0.503025877881893
2427200,0.157671001301401,0.159653994779371,0.59410869479799,0.0826659426571675,0.0516506606707642,0.854514220299058
2427500,NA,NA,NA,NA,NA,NA
2428200,NA,NA,NA,NA,NA,NA
2428350,0.21772342408302,0.363672129388877,0.374005443503277,0.188577498910349,0.204974476129252,0.581885385162375
2428500,NA,NA,NA,NA,NA,NA
2428505,0.172163825958009,0.247073660474213,0.478505152112732,0.212031930360522,0.146305964502916,0.650312848997445
2428800,0.244621187872392,0.228512107045914,0.497216757231527,0.106966898422804,0.108163845554545,0.756257131018784
2469049,0.527622395568656,0.12257861683846,0.286985059915234,0.414064541092372,0.0369357774895225,0.546532442751867
2469050,0.772515634549534,0.08882509258615,0.110746175070823,0.788105438447228,0.0303933991963914,0.178520298710241
2469055,NA,NA,NA,NA,NA,NA
2469058,NA,NA,NA,0.650150519057101,0.0241604253946788,0.310425893781842
2469072,0.80125854399182,0.0816697561895688,0.0971868539693013,0.821435812339106,0.023622849063431,0.151418814147145
2469098,NA,NA,NA,0.575752486909715,0.0331901084033002,0.378745790481021
2469102,NA,NA,NA,0.861496706879538,0.0159638631341931,0.126189244679335
2469110,NA,NA,NA,NA,NA,NA
2469120,NA,NA,NA,0.442234891445952,0.031119115623897,0.519125078217831
2469125,NA,NA,NA,NA,NA,NA
2469130,NA,NA,NA,NA,NA,NA
2469140,NA,NA,NA,0.729105624470923,0.0292989626609364,0.242561815153403
2469141,NA,NA,NA,0.375712429481039,0.220130260465699,0.406538807039078
2469260,0.85611277578046,0.0537864542032419,0.089784086210769,0.838939522597631,0.0195430279631137,0.138820553310569
2469400,NA,NA,NA,NA,NA,NA
2495450,0.0971449690328211,0.612171354464048,0.194399665316184,0.262630805396097,0.22879326098927,0.512307038238541
2496700,0.06059707583545,0.20659650250418,0.638571910772318,0.0336731674909436,0.0157829136699344,0.950968676047031
2517920,0.819756004927514,0.0603449621230163,0.100831969461062,0.815074308063875,0.0207183282350335,0.153704620781563
2548320,0.740853395622573,0.0869125934016002,0.165361231843722,NA,NA,NA
2549210,NA,NA,NA,NA,NA,NA
2549230,NA,NA,NA,NA,NA,NA
2549240,NA,NA,NA,NA,NA,NA
2550110,NA,NA,NA,NA,NA,NA
2550120,NA,NA,NA,NA,NA,NA
2569002,NA,NA,NA,0.922179677436963,0.0111527804103146,0.0716413694925086
2569003,NA,NA,NA,NA,NA,NA
2569004,NA,NA,NA,NA,NA,NA
2569005,NA,NA,NA,NA,NA,NA
2569010,NA,NA,NA,NA,NA,NA
2569020,NA,NA,NA,NA,NA,NA
2569025,NA,NA,NA,NA,NA,NA
2569031,NA,NA,NA,NA,NA,NA
2587080,NA,NA,NA,NA,NA,NA
2587081,0.581074509476583,0.0788566594221864,0.312275221027928,0.571378012940155,0.0104214987657301,0.417844338447912
2587082,0.546732770936419,0.0902274087370945,0.338853089203886,0.531217655431803,0.0127346872186812,0.456562376871243
2587083,0.517458547682492,0.0961588499290146,0.358003108033553,0.510442739400009,0.0141944621389212,0.473655558941886
2587100,0.412601700865667,0.111171551632995,0.447710177154504,0.387159834373156,0.0149699401655178,0.593559204820045
2587101,0.503245055085873,0.0979098946936953,0.377228853211043,0.479742747518649,0.0146926453401522,0.504334823670688
2587102,0.522838302386231,0.0950241585769423,0.359292881429728,0.503777734232586,0.0127137214633837,0.482582955646194
2587103,0.469830659472446,0.11541372904562,0.389706088973955,0.448010315603351,0.0207002828098353,0.53123843753093
2587104,0.458252215587706,0.109826207512006,0.399493494809472,0.448416805001073,0.0169466185675677,0.534591673034197
2587105,0.411392125797587,0.111734717280312,0.453544543805888,0.384903507358847,0.0166635859196374,0.599040008176479
2587106,0.268224705326928,0.124100961570735,0.570761787507548,0.241867393603783,0.0128299553508539,0.741775276196654
2587200,0.614872787982009,0.0729252076419627,0.297874425289269,0.582979874327802,0.0101960267106049,0.405981599243129
2587210,0.241206905479605,0.109285419485583,0.588709807701269,0.234038228079319,0.00897527312838527,0.753328059601941
2587220,NA,NA,NA,NA,NA,NA
2587230,NA,NA,NA,NA,NA,NA
2587240,NA,NA,NA,NA,NA,NA
2587250,NA,NA,NA,NA,NA,NA
2587400,NA,NA,NA,NA,NA,NA
2587401,NA,NA,NA,NA,NA,NA
2587402,NA,NA,NA,NA,NA,NA
2587403,NA,NA,NA,NA,NA,NA
2588250,NA,NA,NA,NA,NA,NA
2588300,NA,NA,NA,0.238654878132359,0.0412975397454935,0.713740919554138
2588301,NA,NA,NA,NA,NA,NA
2588302,NA,NA,NA,NA,NA,NA
2588303,NA,NA,NA,NA,NA,NA
2588304,0.181585128512318,0.128445160502062,0.600879558805744,0.165514562562553,0.0188188929138417,0.809790602176877
2588320,NA,NA,NA,NA,NA,NA
2588321,0.21597162995505,0.177932529218256,0.509657807107352,0.208734737192596,0.0578149808636405,0.688041069407018
2588322,NA,NA,NA,NA,NA,NA
2588480,0.141046326754818,0.136622168005133,0.632462440490354,0.148290328056364,0.0278086380226724,0.819225140396677
2588481,NA,NA,NA,NA,NA,NA
2588482,NA,NA,NA,NA,NA,NA
2588483,0.161898117626948,0.153682481891128,0.609881254976869,0.154940260063347,0.0348857201329593,0.800937599803535
2588500,0.148370175846526,0.141305567469696,0.646216800126714,0.0811581544256897,0.0136164064340153,0.90566667948013
2588501,0.147856859153738,0.132643060143959,0.664732374041794,0.143271464461066,0.0147154882153894,0.841704718952726
2588550,0.217844641534993,0.124353806140829,0.611180326983673,0.216534762691704,0.0275313889528198,0.758909304799186
2588551,NA,NA,NA,NA,NA,NA
2588552,NA,NA,NA,NA,NA,NA
2588553,0.238783790663895,0.116097123280218,0.59896829097968,0.231259437332181,0.0189739801042497,0.752945099857852
2588554,NA,NA,NA,NA,NA,NA
2588555,0.393076606436352,0.102795010103515,0.450030105966949,0.380375253920708,0.0137956082718479,0.609028355322289
2588556,NA,NA,NA,NA,NA,NA
2588557,NA,NA,NA,NA,NA,NA
2588558,NA,NA,NA,NA,NA,NA
2588559,NA,NA,NA,NA,NA,NA
2588560,0.195731484032864,0.119757811419338,0.63973097933236,0.185004760472459,0.0172758256754025,0.798259765533525
2588561,0.182508899917765,0.136299849148202,0.621032384456334,0.179748026619949,0.0272523467263549,0.794239846642086
2588600,0.218387729469355,0.152285184098987,0.53058622389968,0.232295136679087,0.0494310762620666,0.721967921006336
2588610,0.155094623999746,0.128398323457236,0.62713124944038,0.158768349931495,0.0241488796749533,0.818135516944879
2588620,0.120372228611476,0.118341683838436,0.66319236926572,0.137231039831305,0.0147616750575122,0.843486012276778
2588630,NA,NA,NA,NA,NA,NA
2588640,NA,NA,NA,NA,NA,NA
2588651,NA,NA,NA,NA,NA,NA
2588652,NA,NA,NA,NA,NA,NA
2588653,0.172291490177483,0.12559036817434,0.61133878526124,0.165495030908964,0.0213345727453192,0.817027183649872
2588654,0.200339036381075,0.125939776853191,0.58769636222444,0.191218126429526,0.0243172732562356,0.78495616976033
2588655,NA,NA,NA,NA,NA,NA
2588700,NA,NA,NA,NA,NA,NA
2588701,NA,NA,NA,NA,NA,NA
2588702,0.21428494095225,0.119841887690952,0.585267366248997,NA,NA,NA
2588703,0.224255077144858,0.128416944503132,0.568455014034904,0.220524120923641,0.0318133184574981,0.749036312978358
2588704,NA,NA,NA,NA,NA,NA
2588705,NA,NA,NA,NA,NA,NA
2588706,NA,NA,NA,NA,NA,NA
2588707,NA,NA,NA,NA,NA,NA
2588708,0.308957497573778,0.112975507715512,0.507812863777232,0.308533087121374,0.0204923737162925,0.669924879997514
2588709,NA,NA,NA,NA,NA,NA
2588800,NA,NA,NA,NA,NA,NA
2588900,NA,NA,NA,NA,NA,NA
2588910,NA,NA,NA,NA,NA,NA
2588920,NA,NA,NA,NA,NA,NA
2589100,NA,NA,NA,NA,NA,NA
2589101,0.157613065804716,0.140647162228707,0.600311604989608,0.152599183547095,0.0213341133172821,0.815004303432306
2589110,0.252395504207304,0.130624536507693,0.558726460873542,0.180011656149655,0.0336266756909292,0.772643120751049
2589120,NA,NA,NA,NA,NA,NA
2589200,0.188079367297769,0.143750585011264,0.56870484107004,0.170791277381608,0.0316213895506059,0.781021674355476
2589201,NA,NA,NA,NA,NA,NA
2589202,0.165438754392845,0.159288106169674,0.569605010044527,0.153520498514273,0.0396889936181784,0.789522502324926
2589203,NA,NA,NA,NA,NA,NA
2589204,0.218379399898353,0.147368889511653,0.538810934469283,0.230892478106165,0.0399973546637042,0.710123805394954
2589210,NA,NA,NA,NA,NA,NA
2589220,NA,NA,NA,NA,NA,NA
2589230,NA,NA,NA,NA,NA,NA
2589240,0.36335132172989,0.0916291398970572,0.488726887249316,0.376950964151457,0.0152808503565803,0.608639889707331
2589250,0.408961380245139,0.0999379492407209,0.454963117414438,NA,NA,NA
2589260,0.275825423073764,0.170977586983611,0.466314730436924,0.183830522523503,0.0398706209657316,0.762043282113404
2589270,NA,NA,NA,NA,NA,NA
2589280,NA,NA,NA,NA,NA,NA
2589300,NA,NA,NA,NA,NA,NA
2589310,0.160030072407407,0.142667949398002,0.581740891921308,0.161640674765319,0.0263252945806867,0.797202498247247
2589320,0.169988618920043,0.149776256807862,0.573881664229156,0.165040256113113,0.0293304935104694,0.791186163470477
2589350,0.128498742853507,0.137345079255236,0.652498924313888,0.129021537479268,0.0178994072398054,0.844400211246881
2589351,NA,NA,NA,NA,NA,NA
2589360,NA,NA,NA,NA,NA,NA
2589370,0.160851629094681,0.126906609759315,0.639172682227464,NA,NA,NA
2589380,NA,NA,NA,NA,NA,NA
2589390,NA,NA,NA,NA,NA,NA
2589400,0.214338697470312,0.211533244628722,0.48559299992946,0.223864094994178,0.103003926159342,0.652033815945496
2589410,0.135753700663669,0.142089568873138,0.640175600821754,0.126324056417783,0.0127069443474608,0.860290981161688
2589420,NA,NA,NA,NA,NA,NA
2589500,0.42312883705292,0.106542210922875,0.403130608216884,0.359252134678839,0.0328595433588849,0.607814835197124
2589501,0.215438507026048,0.123496676378779,0.586072665552376,0.223005430026183,0.0164771249214395,0.756854618834478
2589502,0.246430014052903,0.156535253900019,0.518196956969051,0.243760579477198,0.044622193150476,0.682636021257059
2589503,NA,NA,NA,NA,NA,NA
2589504,0.198720591884235,0.127116201489757,0.621953214813624,0.19375592497436,0.0229590463749761,0.774184186811656
2589505,0.562905707369564,0.0670276236761687,0.325072712836459,0.570249999269936,0.0124326123028223,0.419262856072012
2589506,0.263232429195834,0.156899126263828,0.498520251605805,0.258538504634857,0.0459319484415578,0.6658537918836
2589550,NA,NA,NA,NA,NA,NA
2589551,0.23197888946916,0.124414776128103,0.566437313626658,0.24534370647311,0.0314902235678427,0.721597092762953
2589552,NA,NA,NA,NA,NA,NA
2589600,0.34472805808151,0.12042576941814,0.473872878620402,0.335339911437643,0.0275533038127578,0.628217232104361
2589610,NA,NA,NA,NA,NA,NA
2589620,NA,NA,NA,NA,NA,NA
2589700,0.506787348929501,0.0773006143698304,0.404859082803365,0.406599733893459,0.0160362839420604,0.580427915000759
2589701,0.363101403915323,0.0968990195870343,0.475968131667395,0.375418999299061,0.0188254003806207,0.605260524943237
2589702,0.35106786089725,0.0882540407651554,0.503486619230822,0.355078182746146,0.0128439685529933,0.637245957458024
2589703,0.329291794326503,0.0870777185033645,0.522548397857186,0.334215068345188,0.00906209867289699,0.66043120790433
2589704,NA,NA,NA,NA,NA,NA
2589705,0.222191618073356,0.106245637782732,0.585264300468985,NA,NA,NA
2589750,NA,NA,NA,NA,NA,NA
2589751,0.308383009238926,0.112120068426895,0.522659435998552,NA,NA,NA
2589752,NA,NA,NA,NA,NA,NA
2589753,0.429672141772388,0.0941794458403373,0.423430567542462,0.434912856459692,0.0156365838777443,0.550234076794652
2589754,0.205329658015229,0.130724430299177,0.608742195436288,0.199513738446827,0.0254343742686838,0.765637758917113
2589800,NA,NA,NA,NA,NA,NA
2589801,NA,NA,NA,NA,NA,NA
2589802,NA,NA,NA,NA,NA,NA
2589810,NA,NA,NA,NA,NA,NA
2589820,NA,NA,NA,NA,NA,NA
2589830,NA,NA,NA,NA,NA,NA
2589850,0.184198700494703,0.150386975303235,0.59242910464541,0.170127582250442,0.0217656297711816,0.81021154056341
2590100,0.280800631308853,0.110040691125785,0.560399863643279,0.22044978922022,0.025983859313048,0.745761389343999
2590101,0.243186821473931,0.133789686229741,0.517824604596895,0.24110885058259,0.0308268409559992,0.713909580334896
2590200,0.196649569982301,0.133118807613943,0.590086179337258,0.194472394520427,0.0214382180996381,0.774466294763363
2590210,0.201520718195532,0.12779698907013,0.599402769641835,0.188846694292604,0.0194040193582124,0.782375413584862
2590220,NA,NA,NA,NA,NA,NA
2590230,0.234253559113006,0.141836129220074,0.488503228008779,0.25470066585633,0.0285240492831938,0.693795837154263
2590300,0.269126978915703,0.150651915102456,0.474419684021975,0.271996352473665,0.0240073957505496,0.685731097422438
2590301,0.26179712285809,0.156699797775834,0.461267541443089,0.273250786923273,0.0274728551881889,0.676702502271861
2590400,NA,NA,NA,NA,NA,NA
2590401,NA,NA,NA,NA,NA,NA
2591100,0.188113205315388,0.125454463461165,0.586863646090828,0.183498194355423,0.0210181106333022,0.789445798831334
2591200,0.186967117629508,0.122138325267184,0.581912883986184,0.18543268525682,0.0194054571760468,0.789579476178283
2591201,0.203788754210072,0.122008953477094,0.569288347582704,0.200595604923252,0.0220419740225562,0.769153426801957
2591210,0.138807371958453,0.143279581774859,0.607988949232666,0.150527693621847,0.0221455285382322,0.808749095538336
2591220,0.155914838913822,0.137734091770116,0.573376204066857,0.173729300601769,0.0233113970346609,0.788931404215053
2591230,NA,NA,NA,NA,NA,NA
2591800,0.128186153090603,0.126824794537489,0.660696013334846,0.0940431564963396,0.0175659457407692,0.878934886570854
2591801,NA,NA,NA,NA,NA,NA
2591802,0.168369104976281,0.117364915183216,0.602721893411965,0.168079539261215,0.0204080722081148,0.802650383839178
2605450,0.172518077585579,0.184594760106913,0.581785186904892,0.163350270848857,0.0353794195833633,0.794745721344009
2617110,0.68749358807311,0.151876201932347,0.10692653302429,0.67979576261771,0.0931945414606656,0.200128832331865
2677300,0.237683598964908,0.149318959376806,0.562234920405808,0.208322473416195,0.026847100885168,0.759875243185175
2678100,0.228142460599076,0.176567835772193,0.538954165398252,0.22012596711262,0.0467065858126544,0.721696422945982
2678200,NA,NA,NA,0.176961269501176,0.0110442538606004,0.807474761397594
2816650,0.884827528807706,0.0197823542698483,0.0596062568933959,NA,NA,NA
2817100,0.627478242673262,0.172496072038263,0.151276344117193,0.641813429361083,0.0980145939797531,0.241098685489093
2901100,NA,NA,NA,NA,NA,NA
2901201,NA,NA,NA,0.77484921490081,0.0145253665694947,0.205480977519786
2901300,0.652427726085092,0.0781487817101959,0.17833465918481,0.692966896775195,0.0141261058758572,0.285008874677959
2901500,0.105532056313047,0.5848961001128,0.132856019004194,NA,NA,NA
2902500,0.673265446737024,0.0474210295855204,0.226300634576381,NA,NA,NA
2902600,0.756365463508717,0.0387441381632076,0.160554164555342,NA,NA,NA
2902700,0.719632291183418,0.0506991012911777,0.18318166370825,NA,NA,NA
2902850,0.825727187896414,0.0503243805071815,0.0964604488855732,0.841240146904727,0.0212585560193776,0.138328106146337
2903050,0.648364823862808,0.106013277147613,0.19929088474946,0.641192529755239,0.0234972989572547,0.334760706199493
2903087,0.597728696766339,0.0773958687461101,0.293962794946377,0.577419580327016,0.0103587095305326,0.41154180046589
2903420,0.848764965858608,0.046911320464454,0.087800152247566,0.838440990729227,0.00855579098844672,0.153338587789555
2903426,0.744704647202221,0.0598277655242727,0.162081172262685,0.717231761420512,0.01909327305068,0.260032918308884
2903427,0.787002216891672,0.0553520620010257,0.123298470033492,0.793709490958439,0.015828573583902,0.189596498261776
2903428,0.806294429497336,0.0610783388951754,0.101582289953086,0.795188132562209,0.0187823929806222,0.185633763490694
2903429,0.807534769600095,0.0606964779135375,0.108089920036658,0.804039208304052,0.0185007005971343,0.176470959971532
2903430,0.862646857077302,0.0393195716375889,0.0836012176773794,0.8612621380631,0.00840941959643095,0.130451833901976
2903600,0.74981280073846,0.0583556048897432,0.154235717962014,0.751288769746056,0.0112620342808224,0.236405619420013
2903700,0.645377639424584,0.118245831440348,0.143014438695306,0.652386876903379,0.0357086792022818,0.306174970996174
2903703,0.207782727636403,0.525182670141262,0.19042890379094,0.164876325036277,0.0747142236707008,0.755461368761231
2903930,NA,NA,NA,NA,NA,NA
2903940,0.263412330936924,0.099977239926378,0.522673745109727,NA,NA,NA
2903950,NA,NA,NA,NA,NA,NA
2903981,0.774009796196141,0.0631909704463681,0.118547356316731,0.789930302789953,0.0232483044061822,0.1943830196022
2903989,0.197797795638817,0.0893380239542772,0.655854017284537,NA,NA,NA
2904200,0.60623840586098,0.0574887747466113,0.282705373629096,NA,NA,NA
2904850,NA,NA,NA,NA,NA,NA
2905800,0.363049787987513,0.152235348100327,0.437331066091906,NA,NA,NA
2906100,0.30508486799848,0.1464566685948,0.550965596795579,NA,NA,NA
2906201,0.47360880553335,0.22705371378273,0.213218804627992,0.484134131110895,0.0899218865694114,0.420624101906681
2906300,0.487687941439248,0.140130286894461,0.319950138178303,0.481672353117052,0.0259111188187088,0.488727135813612
2906600,0.425103818150109,0.146338922382759,0.396364281959028,NA,NA,NA
2906650,0.295443663532307,0.178559279571599,0.466479069304402,NA,NA,NA
2906700,0.749433997319403,0.128975237948214,0.0973432529086711,0.71536234481906,0.0778537848825406,0.204385160537741
2906850,0.521314075443493,0.146726613087588,0.334607777873168,NA,NA,NA
2906860,0.594342149495907,0.141132763782546,0.252908910952453,NA,NA,NA
2906880,0.644530264900937,0.0926579979204649,0.228350006524426,0.614844819855787,0.0300659738551142,0.350726739886566
2906900,0.76020917797593,0.119686094190337,0.0840985685446342,0.74999157145398,0.0660215196651305,0.184886444871701
2906901,0.772759498335197,0.0902561107719208,0.0752939298827415,0.753705683187484,0.0710843391327208,0.17223830831007
2907100,0.544151932032115,0.0780199498660587,0.337997749817699,NA,NA,NA
2907400,0.697527192343747,0.129152757253515,0.140180468831456,0.69392695393793,0.0540064218631782,0.246580886464292
2908100,0.628032409550382,0.140648850986976,0.170579978703713,0.643682378632106,0.0361919412096091,0.317531174937939
2908101,0.429412292082861,0.302893230747293,0.208082704338402,0.300849866249715,0.274744742480779,0.488020434934522
2908102,0.0830196727483569,0.552450640357477,0.260002194839941,0.0817076137935959,0.32598406161577,0.566340394999409
2908103,NA,NA,NA,NA,NA,NA
2908105,0.726788728434933,0.229369678252997,0.0197166170794987,0.171473812777594,0.304378399774533,0.458605048996275
2908305,0.70812326049951,0.078940855420863,0.170608226915081,0.705451698477926,0.0170984220221785,0.275278564062736
2908500,0.377809139973318,0.110427906250099,0.452223823717756,NA,NA,NA
2909150,0.80390196760725,0.0641235389542872,0.124401012214714,0.826814247705336,0.0051299574432972,0.168236403637692
2909152,0.780840482523304,0.0905725569956631,0.114539760768117,0.775038579493432,0.0101354649068171,0.215980286551968
2909153,0.700562048657321,0.163902955244599,0.1150627557757,0.667741815929421,0.0209902333546486,0.311110514346284
2909156,0.151248491156755,0.385930670805342,0.326475646960691,0.169005939245571,0.175936586152592,0.639969250893154
2909158,0.497555094596933,0.312571999640359,0.143699579758835,0.49883805084491,0.030190015449582,0.466916976092385
2909160,0.741351675798108,0.0829553606441316,0.141397478194183,0.75801149758342,0.0167460371608406,0.221171021371341
2909300,0.67897230592543,0.0546341210162092,0.231872291884827,NA,NA,NA
2909350,0.559912618344318,0.127894860205793,0.270869589668748,NA,NA,NA
2909357,0.350658808696984,0.468363649263155,0.152436928662867,0.383712050474307,0.0368443021202691,0.573467397096942
2909705,0.790608210074837,0.062127007737628,0.120786753114845,0.759721307658545,0.00568930042844597,0.234232794931189
2909750,0.446062324598215,0.110722189226954,0.427430333874178,0.423920581966055,0.0115509264187626,0.566427957791942
2909900,0.227417863411038,0.205386509895145,0.38417985452936,NA,NA,NA
2909950,0.579489067579124,0.055725390565353,0.284427293369543,NA,NA,NA
2910300,0.659798456463613,0.104243087389453,0.19649523964747,0.68544110485723,0.0140696764481382,0.301159321828639
2910310,0.809286948748558,0.0574043072869047,0.101777029316743,0.815779554060562,0.0244725665046845,0.157498439023844
2910460,0.461787507207413,0.100984345306876,0.346654814482354,NA,NA,NA
2910480,NA,NA,NA,NA,NA,NA
2910601,0.805431703273001,0.0874450274967762,0.0791493599284386,0.81167461095651,0.0333284284956783,0.153744749337852
2910606,0.777208810092277,0.0711672558038403,0.127065675772465,0.777254916314919,0.0263732508366448,0.189554842841646
2911095,0.80080202181784,0.0946400830701739,0.0658900729343279,0.808137443111136,0.0676968976264571,0.118067051542192
2911097,0.768001725923352,0.125131682659094,0.0584896311430269,0.78954948167168,0.0688809813088085,0.140331699307816
2911098,0.804971369883004,0.119211864028311,0.0760025932019981,0.779780285362141,0.0548565127959111,0.169509003332534
2911100,0.791407106876868,0.0944603503295923,0.102701010565654,0.701018559714515,0.066182925339215,0.227376299844298
2911215,NA,NA,NA,NA,NA,NA
2911303,0.534841624518577,0.21112296651755,0.182131882223492,0.543015318338552,0.0799987600222306,0.371262934855944
2911309,0.4954835946673,0.207605422512549,0.196977321965946,0.472825643266659,0.108883721491786,0.402883359200622
2911503,0.2674918537561,0.252788572802676,0.274939243351253,NA,NA,NA
2911913,0.29481347420666,0.248465762727342,0.351768855574018,NA,NA,NA
2911920,0.376157113334162,0.0716810926115417,0.434657554277732,NA,NA,NA
2911940,NA,NA,NA,NA,NA,NA
2911950,0.186627126319579,0.0935007533012461,0.627782427942423,NA,NA,NA
2912600,0.849919123281351,0.0719138460580985,0.0565063368851105,0.84429791773427,0.0324945059148167,0.122106620246104
2912602,0.854264816931631,0.0746961895421591,0.0471831570871488,0.85167133482044,0.0363761879894234,0.107953253605438
2919100,0.480681725597669,0.171053355501715,0.285118142997809,0.429379112740746,0.0654570242808694,0.499355016974187
2919600,0.519249369235232,0.0568091085445375,0.33890315214587,NA,NA,NA
2962017,NA,NA,NA,NA,NA,NA
2964035,NA,NA,NA,NA,NA,NA
2964051,NA,NA,NA,NA,NA,NA
2964078,0.241723168244082,0.20438239436345,0.466773784685594,0.242324408937136,0.0389632269120201,0.709614740272011
2964100,0.412626283773545,0.26874425609943,0.216399001570111,0.466859475780322,0.128015705358481,0.403830401641437
2964120,0.317538899203649,0.253362290591756,0.291140253042513,0.379342014371737,0.14595798716699,0.448490349555798
2964122,0.528408527132297,0.278855876316416,0.133876552541544,0.520863174644109,0.13077492318308,0.324961708111768
2964123,NA,NA,NA,NA,NA,NA
2964127,NA,NA,NA,NA,NA,NA
2964128,NA,NA,NA,0.665018283389082,0.0732664319629701,0.250570359900497
2964130,0.421812064695323,0.273229160521023,0.207755596227051,0.469740383029002,0.145072779726053,0.370205184955257
2964140,NA,NA,NA,NA,NA,NA
2964147,NA,NA,NA,NA,NA,NA
2964150,NA,NA,NA,0.431588024187699,0.139320829996218,0.421727469392309
2964160,0.172716997488791,0.221189179979456,0.523715607473033,0.144220820631571,0.0498804606288959,0.786431977242109
2966400,0.609714254688938,0.113864490791948,0.222798915553085,0.607793420097241,0.0380976842508592,0.348641749510511
2969004,NA,NA,NA,NA,NA,NA
2969009,0.577693442701418,0.136525347651467,0.254266022864653,0.569308713365653,0.0398201831498846,0.374317229167765
2969010,0.695616523562971,0.10262623438293,0.15209048698298,0.752750238775657,0.028658808963203,0.221021358685609
2969011,0.643459818965367,0.121892102579414,0.171320708378965,0.666783768922382,0.0498428379485597,0.271288677179351
2969013,NA,NA,NA,0.690247959228033,0.0378072532188143,0.281511157414221
2969014,0.604008195773872,0.171732874264547,0.167185523956473,0.619405374503073,0.0668149230546502,0.303519569285367
2969016,0.348769505553076,0.121456341252703,0.476009931319699,0.35358685254045,0.0277862446883904,0.6138067430471
2969018,0.451572742156932,0.133313294831937,0.370427399636034,0.432173518025318,0.0304216482273005,0.523630960040423
2969019,0.43021140910136,0.128074388153835,0.373581233286402,0.41294401015757,0.0659130718477778,0.51754468969958
2969020,0.840278921984077,0.0587413213717821,0.106118063104403,0.79091210044325,0.0235845360372073,0.177699194118367
2969025,0.473600592550998,0.144540084261538,0.323929873310392,0.472571236152109,0.0506920731559335,0.462613988475651
2969029,0.468107424197765,0.143676196328184,0.352886748924431,0.469793437520437,0.0506336991620942,0.467469833620391
2969030,0.557555455643149,0.195079170073571,0.234439063692119,0.529522748623197,0.0543992145784911,0.405245521161924
2969069,0.499231205925128,0.0949308676097877,0.334747779350295,0.477535857716442,0.0378451403347059,0.480742755260428
2969071,NA,NA,NA,0.267812691058841,0.0137946811893317,0.715959394130051
2969076,0.253388813350117,0.164261933719515,0.521086991402335,0.243118783595961,0.022659885436555,0.726803152864061
2969077,NA,NA,NA,NA,NA,NA
2969079,NA,NA,NA,NA,NA,NA
2969080,0.362063915003373,0.210218120660229,0.342859314411384,0.36992276086517,0.0713681189583769,0.538236050218603
2969081,0.444376355176931,0.118207097728497,0.381292127391188,0.453895950270765,0.023386268117081,0.520814421635007
2969082,0.498369383572372,0.188433320401473,0.276863128039765,0.4859816260556,0.065442054367814,0.434343795631731
2969083,NA,NA,NA,NA,NA,NA
2969090,0.787970752059843,0.0838653447596774,0.0972277964050641,0.784319978817276,0.0333269759799019,0.172216025088586
2969095,0.834823172086939,0.0606008849641472,0.0793746049839567,0.837695709970739,0.0281480072685531,0.128847243818063
2969096,0.587883828990097,0.116290179586157,0.253070460678042,0.574457992573336,0.0636522373964453,0.363112515960193
2969100,0.842212977305285,0.0586860479236729,0.0812697283369536,0.841572227496158,0.0206856342310619,0.139181689508891
2969101,0.845651391359453,0.0393371112591481,0.0947640023222096,0.844807774167746,0.0213061018768263,0.140644611253091
2969115,0.383076302793656,0.177505737834324,0.40262366882417,0.358433955368521,0.0549530185114903,0.581833875041789
2969116,0.576335404767471,0.0802985320155481,0.316904033676285,0.588627181542806,0.0240179343358512,0.377181490315684
2969124,0.45679459948692,0.163762027731006,0.376632852182446,0.436889334763601,0.0651818748527818,0.490127219986738
2969150,0.561857553683506,0.16930262232563,0.202003644632432,0.593034663713306,0.0731403585145994,0.32641530146045
2969151,0.359940982575817,0.234942946861074,0.347629470978638,0.344600928955526,0.0611508603343098,0.584474391437764
2969161,0.296121865869436,0.166832990679959,0.451091614696699,0.318705058795301,0.0452336057740126,0.630873772872479
2969200,0.557194368770422,0.145539685774099,0.226085821330788,0.622528367708486,0.0516643025476794,0.318976134204733
2969210,0.571592235404504,0.0843267199979157,0.304220683276372,0.518373614160311,0.0196264596636693,0.449628768019555
2969211,NA,NA,NA,0.508798972058382,0.0455354946388517,0.45677440284451
2969220,0.648769164781905,0.12206564332056,0.215447911720387,0.656576017884204,0.0498499591784502,0.28447766899247
2969221,NA,NA,NA,NA,NA,NA
2969230,NA,NA,NA,NA,NA,NA
2969255,0.376936479455898,0.136773066310002,0.399835973066161,0.301366044264975,0.0188459279000287,0.670735501346273
2969400,NA,NA,NA,NA,NA,NA
2969410,NA,NA,NA,NA,NA,NA
2969415,0.350678120650036,0.145725144726211,0.422732090447636,0.375712930958734,0.0311676469200586,0.590232693515357
2969417,NA,NA,NA,NA,NA,NA
2969420,NA,NA,NA,NA,NA,NA
2969425,0.245973114124965,0.218485293599878,0.474220786018674,0.244034639024624,0.0369736340934201,0.720148025947605
2969430,0.820223600012425,0.0771267499119916,0.102792799046834,0.80353259906066,0.0218933078632943,0.164753835027442
2969435,0.358900126213149,0.148401257007047,0.412033027184189,0.360487187823498,0.0275662562435938,0.601754324572417
2969437,0.344895178688187,0.127535413167475,0.439428509493012,0.384097802941901,0.0253977442829244,0.575354135944483
2969460,NA,NA,NA,0.225083883615204,0.0219324399955997,0.746920537716742
2969510,0.259975656141435,0.204114048880306,0.463851805865531,0.228503744932425,0.0416468000353879,0.725909311592276
2969550,NA,NA,NA,NA,NA,NA
2997115,0.756323808716581,0.0637471063079668,0.143592794726891,0.763817230995018,0.00913973387785489,0.231862589948412
2997250,0.844521573581072,0.0388673087215544,0.091939181426285,0.821852501142436,0.0122116010270255,0.162359759145345
2998343,0.293008404457928,0.109160428177772,0.460596253824337,NA,NA,NA
2998450,NA,NA,NA,0.709309261857471,0.0866523049879402,0.19931070638505
2998451,NA,NA,NA,0.584877948869367,0.112040884960206,0.29886305422035
2998500,0.659144191220496,0.108806366430126,0.204286874404468,0.667631348763827,0.0237505321020249,0.303374590474496
2998510,0.696230263862935,0.0880423907131783,0.139653848149881,0.733582525594288,0.0227049279429617,0.240105661399934
2998720,0.592436983103483,0.108144048781868,0.248964479156415,0.585883392597192,0.0154111806671004,0.397713968807188
2999110,0.673011063623662,0.0819019666563356,0.242995222041714,0.663420949476455,0.022575703564557,0.317779020529758
2999140,NA,NA,NA,NA,NA,NA
2999150,0.616244105350845,0.055654549327146,0.302087597889849,0.530251729936053,0.00820848738689599,0.462016199639106
2999850,NA,NA,NA,NA,NA,NA
2999910,0.658533827575627,0.070804044119809,0.215622023828408,0.560034449292492,0.0116747310373847,0.427683290921698
2999920,0.597126380439121,0.0884832461160538,0.282560763969788,0.563922159465385,0.00867304518978288,0.428429447478875
