"ID","varSeas_stl","varInterannual_stl","varRem_stl","varSeas_clas","varInterannual_clas","varRem_clas"
1,0.581833472177637,0.14856424122803,0.235264106848602,0.572637043047876,0.0701963301596257,0.343664218554977
2,0.636488051146747,0.108658777774817,0.208123456687217,0.642832627957332,0.0285084215924006,0.326744627033566
3,0.163709234588319,0.229629319377986,0.510274330012718,0.167716051401099,0.0561401865044445,0.775733303741688
4,0.663577863603363,0.0839919303491557,0.202383872666913,0.683170503086213,0.028761646830274,0.285415378396682
5,0.506326628476121,0.129327345322646,0.302410577463914,0.503942084577434,0.0285346177613954,0.461970010334741
6,0.405224674177777,0.153979906352692,0.372268347875215,0.416427944850377,0.0317692306297485,0.553403786415748
7,0.377703548297322,0.180561920509611,0.364338993439974,0.378867579336357,0.0609212423717324,0.550694907646785
8,0.189320336179017,0.208068238416249,0.510285038550615,0.189384243938137,0.0523616785868042,0.74880098875093
9,0.554726474198536,0.140555771726703,0.246776868580423,0.558323228424701,0.0494027214866021,0.385660466876018
10,0.232883694531029,0.190565691234091,0.487009468190722,0.233162482735706,0.0270915274043174,0.742174237352616
11,0.0861655251749317,0.298405457428527,0.502903381277247,0.089790053609324,0.109394635754839,0.779474590351364
12,0.127134818660247,0.352518934461598,0.385355435637777,0.135921695575858,0.174447558414737,0.64836508424396
13,0.55294621043478,0.143188461660663,0.24655381286732,0.558091428871299,0.0537390550890339,0.379775529578479
14,0.0658488932676631,0.195001700439652,0.63820437965414,0.0664191478246542,0.00799499124081387,0.927535371878024
15,0.0454857784892765,0.219997497834097,0.622602750650503,0.0454499949653873,0.0143877721775531,0.941922973916805
16,0.058545821033079,0.201303810461823,0.636640155727866,0.058837047395169,0.0119055140082249,0.92988635765902
17,0.0868544289075456,0.187344419110149,0.626069696803632,0.0911143970178057,0.0224386861269245,0.882018299809409
18,0.0464749939786518,0.226531897011121,0.615143059014507,0.0466684996641337,0.033579773585788,0.915574502927526
19,0.0634769108855228,0.205116766280526,0.621031257868243,0.0650555935625594,0.0181208693347886,0.916114620961527
20,0.407966411886108,0.135540938209325,0.384951922395103,0.414748560297465,0.0172264356112548,0.569811971540435
21,0.357655391577428,0.15242434400628,0.417249966509361,0.360660519673802,0.0202335376724657,0.621465666102028
22,0.290425701353912,0.164326247402018,0.465199321906774,0.291875411831204,0.0203404038727922,0.690677369486326
23,0.0709104773436882,0.194133381420437,0.62871946533155,0.0722181586650953,0.0160846010870452,0.911774682971652
24,0.278151264122066,0.165699429647638,0.473384701778381,0.284568696796643,0.0184315725930614,0.701750915080289
25,0.154417145871499,0.174174141871235,0.584578642513538,0.146384798861271,0.0122533100366351,0.840018042194455
26,0.218522466153924,0.16035810138021,0.52362879399295,0.229231813644125,0.0185333085823055,0.745607412935161
27,0.0475737752125875,0.208509712043131,0.627909200631278,0.0492142334230734,0.0157513013925407,0.936674671030002
28,0.0353177707501748,0.224225893760555,0.625853875292696,0.0358773665122819,0.0172530067398507,0.946580894344355
29,0.1285288839828,0.195620078387677,0.5739454180339,0.129528693144267,0.0188411558245751,0.853740059457772
30,0.030887335776688,0.221136977539936,0.625929512342518,0.0311660206345519,0.0179076447738697,0.947245601949672
31,0.0282289064870704,0.216073042328996,0.646843275842866,0.0288685083138273,0.00778963916179419,0.96226115891112
32,0.0282246671645031,0.216127150091514,0.646705716911653,0.0288612370247473,0.00780671014413281,0.96222732139908
33,0.632147167785529,0.0986233661318083,0.226443232206637,0.635326882100181,0.0166789076322397,0.348234998039049
34,0.5347406041749,0.12152398585581,0.281357936532911,0.547227532560398,0.0229593626267576,0.432783476786394
35,0.57243563989039,0.108790651531253,0.269369624970359,0.576842733103515,0.0195352788806211,0.406614376345335
36,0.430483434107891,0.144870781745647,0.355629838523903,0.437497911275522,0.0282499599291601,0.53443723859278
37,0.438590662682817,0.149497680264139,0.340682978315937,0.448318762211605,0.0438396856109463,0.508413953098411
38,0.504558111368442,0.123262730134182,0.313910290190636,0.508574700046058,0.0302802043356634,0.460457765754183
39,0.154849124931849,0.205492990546014,0.535763831791693,0.155335759364459,0.0376750975050146,0.811247695385888
40,0.605322460470096,0.128015811312839,0.210532506709457,0.609577539608757,0.0443442657377881,0.33404640766008
41,0.388376392064656,0.292129202622431,0.241733021045977,0.386472541104096,0.187072606639159,0.400169626181435
42,0.463969605666244,0.149104063350387,0.323604332749966,0.454124267782356,0.0418344978999576,0.495840297544012
43,0.361248233895324,0.172299374587959,0.384372366640648,0.366513479373808,0.0467355476864506,0.577182091274248
44,0.645646858886779,0.0984083769679333,0.214823280752354,0.650339514419156,0.0199228810167545,0.327446203534413
45,0.609110383788479,0.121913870190489,0.215692603443343,0.612648312470826,0.0410171187606356,0.340584198809451
46,0.617130460200617,0.114310156293307,0.212728282863788,0.621922606941754,0.0380797247922674,0.334729378991127
47,0.78235846188535,0.0539898932231068,0.142731220725111,0.779894378007639,0.00596208792319128,0.214266190723646
48,0.682106846883702,0.0976517344375791,0.184483910479751,0.686970475330124,0.017442555789771,0.295885191028298
49,0.39709676449192,0.152485737585692,0.381374354959502,0.400013300287698,0.0269138624138975,0.574582642979549
50,0.620555483778556,0.103680684008365,0.23169145212703,0.626525591907153,0.022566857807028,0.348555328436963
51,0.663354124696812,0.0961834983094295,0.200275904739972,0.66951301682175,0.0234834832451928,0.304645058364937
52,0.495710836366265,0.204080190801924,0.223603464172266,0.498755590516753,0.107963088267493,0.369923087150654
53,0.672580842740138,0.09674909256945,0.180926037610351,0.680727476133762,0.0361463203223755,0.276313252389176
54,0.740113912056532,0.063884045578465,0.167308648492745,0.739884721745287,0.0136160367732177,0.245649695654107
55,0.789053148769693,0.106370439377868,0.0764391404198333,0.792550046943703,0.0468666848696694,0.153739977092971
56,0.751192577666779,0.0640878897835605,0.159115160430778,0.748271436770333,0.00774946221675855,0.243251338649083
57,0.759362527234967,0.0618185299960045,0.158258793922047,0.757818352898032,0.00569897586777251,0.236114332348685
58,0.795432770208962,0.0507158994697979,0.131473415149148,0.797459701358224,0.00691732157686503,0.194928611390921
59,0.75707412041947,0.0704561825223142,0.147788412372812,0.756527371275956,0.0138609536535864,0.229674054748639
60,0.805426723969341,0.0498279190527271,0.124528354087283,0.805984760594803,0.00877250014361154,0.184479330346546
61,0.726507701605593,0.0670166630036561,0.17888669297052,0.729471866485997,0.0076844368123042,0.263542105204412
62,0.80106813399846,0.0457303316007096,0.133941550787632,0.804207291103301,0.00860343537416277,0.187382101141054
63,0.734703648483174,0.0781612596030724,0.153072083780464,0.739271414064535,0.0259798829129646,0.231459948033156
64,0.722739067762137,0.0799532497741205,0.157566543329279,0.730264779185289,0.0279261214514963,0.236379364844206
65,0.655532334546776,0.102900736823527,0.201527432368897,0.655286838033682,0.0406373047302801,0.295200461400852
66,0.741728958410202,0.0762827609084595,0.147948991685939,0.746908905025511,0.0253086895762392,0.223993558801983
67,0.613293126094884,0.107151246188573,0.239998709010134,0.620132644967177,0.0320880316264323,0.34597362995112
68,0.537425957700507,0.177524284794129,0.226137817121989,0.533555557544255,0.0732966313584934,0.392296653717616
69,0.735250433520449,0.0807409495336493,0.148270622218404,0.740148076016401,0.0285588834595169,0.228378042204852
70,0.603103812430045,0.112450075262758,0.23499316722693,0.610136640593966,0.0291547220483099,0.357445285856064
71,0.67641614850621,0.105746741129218,0.173355103523416,0.683314873421347,0.0372605926326363,0.275460173245623
72,0.621384935395825,0.11099150371168,0.219414753585887,0.62290607677492,0.0416776867890583,0.331587293560286
73,0.744765620473819,0.0514737640439532,0.167227473512294,0.768364616901511,0.00843881582041005,0.221800367530146
74,0.712546214756043,0.0897713327017492,0.156468082775264,0.722391337461326,0.0311542493414477,0.242379150712043
75,0.633789585700792,0.101968364248422,0.216095102455955,0.640851920631997,0.029740287910706,0.325916125251941
76,0.686616865551863,0.0881893775671433,0.186915389476418,0.690089058594643,0.0233194477382566,0.282510638203976
77,0.747059111476982,0.078233342047436,0.142271189801718,0.751248176205612,0.0280784541291934,0.21618033099962
78,0.169140678131333,0.175222580405729,0.55246314382599,0.170749527973646,0.0124619373485344,0.815701495350837
79,0.691097968418364,0.0712593540099032,0.198876489998809,0.699954076164646,0.0110297176007061,0.288149949603187
80,0.18221682313254,0.182682847525319,0.532913975329675,0.185083466799803,0.0144527767694239,0.799011983806458
81,0.660644556430886,0.0952884477382839,0.203209482244252,0.659438753553702,0.0242831177131,0.313022075238008
82,0.45076769715931,0.129186266174925,0.341548661555588,0.453724688116419,0.0181187586400822,0.520988926736884
83,0.661602456397149,0.0751083527718025,0.227384688017886,0.661640985931963,0.0172446835374777,0.321161387666597
84,0.470317469123873,0.127944668828656,0.325967853942613,0.47364993827564,0.0168693038095415,0.501861198592775
85,0.252898032207971,0.197022953210919,0.455732167641001,0.253622443903835,0.0309799717390833,0.711841068908271
86,0.388143248872865,0.17115984433639,0.359405592150323,0.390746720560259,0.0347337277139192,0.56763666374135
87,0.56483830721618,0.113471416261017,0.260854053880518,0.568144411982196,0.0228024016863392,0.400114107065618
88,0.74517328428466,0.0780882040035588,0.143067766100649,0.749442459846454,0.0276212510728572,0.217468431773761
89,0.326020239914187,0.150715287275721,0.446448913981687,0.331495897246609,0.0174044667183018,0.652063965373682
90,0.214392330493124,0.194478302838795,0.485135166608383,0.223489396650495,0.0410269205883803,0.73004826162491
91,0.153132489072956,0.199442481989241,0.552581002005418,0.154269233326942,0.0220043841885342,0.823612145974748
92,0.198214434433573,0.27968920019158,0.411799176903672,0.187852003863402,0.183636800682889,0.602509404391683
93,0.376455134048221,0.143320542392174,0.420365231170274,0.365718547114526,0.0218064195099719,0.604826665574418
94,0.000598186942954615,0.836644389157604,0.0685826474710406,0.0018284639587879,0.653233113089059,0.170912436575276
95,0.430706061965582,0.145579439318603,0.357595730677983,0.430718910195828,0.0265141856953121,0.536731428059823
96,0.728810994743206,0.0823697385191926,0.153544205062173,0.732613411660709,0.0291471666247311,0.232312966752265
97,0.224417425945591,0.200458125994907,0.486619477633442,0.220857548206755,0.0365115565822401,0.736473151397307
98,0.171287613190005,0.219169706680371,0.517979605503895,0.167598281952469,0.0345610481842655,0.790069858842761
99,0.179764801054271,0.169291441389575,0.585120006665083,0.169026449244595,0.0220748200810604,0.802428278259186
100,0.0915620670651428,0.22093058335281,0.606843814287176,0.0883564364103812,0.0381675538380883,0.867254703775844
101,0.0638744625853948,0.2203443540615,0.62043180697194,0.0613770247852227,0.0161769803758217,0.919098433233146
102,0.0989493446669503,0.201839613917141,0.639367554219166,0.0839489462441212,0.021192736062783,0.884985889619333
103,0.382048185726238,0.147249968023138,0.402169423665263,0.384705735604223,0.0206881525288231,0.592544313940012
104,0.406240763174705,0.103323476099318,0.449282922920899,0.407143657606465,0.0135502615152178,0.580638886394245
105,0.281345994742319,0.169443569888543,0.466183376398356,0.281819158761286,0.023151327991258,0.689704703812591
106,0.321314408299036,0.157883968433826,0.444594117666976,0.323248433620506,0.0201903786253556,0.652686347146132
107,0.273756525427982,0.170758199770761,0.466146802070629,0.276872579007136,0.0228004288560331,0.697827850187312
108,0.252378764783733,0.170631535387193,0.4978302006541,0.251704445485262,0.0208785716470909,0.716442441313603
109,0.175647703542608,0.190911812681723,0.539282104445754,0.174275931658102,0.0313938408582816,0.788886116109296
110,0.150881358875358,0.171181015154081,0.588479342538442,0.15201770567879,0.023867623053832,0.815095421338405
111,0.632522058143132,0.104978937577736,0.21794134336436,0.634822912735233,0.0297627064869703,0.329887455327125
112,0.725927036808155,0.0670895933244767,0.167520726761295,0.732386683166487,0.0163422600805262,0.24816059793113
113,0.716452114810805,0.0697832928235421,0.181553813205885,0.717645382525463,0.00965760157165492,0.272451547032478
114,0.730428920870915,0.0657823754723673,0.173464098610787,0.728584452980905,0.00874848753805916,0.261288530919912
115,0.661186843161756,0.0973108441710578,0.200526971843529,0.664565218255632,0.0259811966386145,0.307022446954915
116,0.521371670087106,0.115008970221988,0.311232186684805,0.516124853353243,0.0182918703273487,0.462770290683182
117,0.7100621029979,0.0672025106922584,0.190827986585503,0.711359900906211,0.0100049879853698,0.277204882982699
118,0.651651444810796,0.0860735948837995,0.218102661589245,0.657230925984427,0.0159755993734008,0.328512094695881
119,0.516582885862238,0.125582010272615,0.307412427137358,0.503773197904375,0.0310836359372868,0.457872072180393
120,0.0520635934304527,0.212375717632527,0.627115424083542,0.0497045115380207,0.00900960296951695,0.93901564013974
121,0.133927173640953,0.243284903454727,0.513769007799666,0.138754695614562,0.0310352285326794,0.833187028465
122,0.695500752191356,0.08038449262963,0.186213073474264,0.698252982704704,0.0215739381313974,0.277530581245053
123,0.7943459395402,0.0609221093548137,0.117261417730958,0.795007094942998,0.0200158743616318,0.180842696093274
124,0.0920318964259357,0.220984280899481,0.643936223260124,0.0774100996344158,0.00906296957475211,0.91294777976816
125,0.601488436182336,0.104917749365783,0.240722347801806,0.608959864873548,0.0271991902150681,0.357837047613262
126,0.659839818305,0.102712985742521,0.194409854850143,0.661366356002851,0.0373045738196631,0.294893375978556
127,0.0378435374200544,0.136322901967365,0.60525430692505,0.57172737786484,0.0628516691936699,0.460311225237851
128,0.624162474954226,0.0991248032903971,0.238769075484849,0.622731989241122,0.0190705887964071,0.358138956351271
129,0.645624958609106,0.0831405689790592,0.220432964107026,0.692919891227813,0.0222576524506486,0.283411727704692
130,0.558499743756476,0.113449925873424,0.281217074148253,0.559214165722448,0.0217519333543755,0.417876869080802
131,0.178277975570616,0.200812371553622,0.526001057694276,0.177319509823695,0.0345311554538833,0.783535561160777
132,0.574959779659164,0.0936526306446062,0.284399558907021,0.566249957873794,0.0114192266546821,0.420995982363755
133,0.106631033152605,0.210966765545095,0.578640842315592,0.106221929464407,0.0186598599460327,0.873736284433571
134,0.0332239192690752,0.231521184427162,0.622222135335942,0.0338370187516669,0.0235392561241184,0.942203555055159
135,0.426092945725623,0.140086739901313,0.372293587644493,0.422985199745397,0.0206664271432476,0.552415784173057
136,0.345839455799438,0.159472692249288,0.426260633966849,0.34831328512277,0.0219210204662298,0.625403132046764
137,0.50027942021608,0.125167218932829,0.319458799320981,0.50135470766809,0.0228926045839518,0.471576424800908
138,0.0439419904730173,0.209709118281585,0.65490211863383,0.0437986680771004,0.0134759043606653,0.942790952427257
139,0.0419709422021906,0.237164758719785,0.677317743184873,0.0279524403856308,0.0161396173501063,0.965314303120357
140,0.0925713036400917,0.254106886394614,0.563534765223103,0.093200335251464,0.0356963924850128,0.845574434713693
141,0.0573527437412607,0.248803866419639,0.589953336188035,0.0560851582662335,0.0326448564483395,0.898320934677597
142,0.483604719355701,0.132354524617496,0.331035284628188,0.48146669108948,0.0224509267190704,0.49475079149495
143,0.302826263941142,0.169812194100741,0.451587157961301,0.30314004074507,0.0304600705721617,0.664234534329792
144,0.270010662695706,0.19170582816177,0.448212275968607,0.273787432958074,0.0320490364733201,0.683902239340934
145,0.349931662630551,0.176742945208504,0.399351331148907,0.350310871095441,0.0400738673726574,0.602346439774402
146,0.161844936012078,0.202301786634917,0.544379574353703,0.157851246499616,0.021042589901489,0.823188469474304
147,0.161273347536663,0.202481480407404,0.544700835544307,0.157261370644335,0.0210538333715015,0.823791162876932
148,0.0400147956208383,0.223683116323644,0.647419552541403,0.038903241096109,0.0170096741324974,0.937689059061597
149,0.410383630189003,0.147143445603628,0.380005375068718,0.409673843035161,0.0257622236128449,0.558928826246322
150,0.0447367737307064,0.225633181626892,0.633847423415371,0.0436529808512707,0.0183404203747084,0.926894863031796
151,0.0426911731182357,0.235194738351953,0.676875184994251,0.0283399150754548,0.0102133335340974,0.96138978129711
152,0.0779830331289436,0.311910918551197,0.482084450799724,0.0744936375749744,0.0783356347564055,0.802235989446384
153,0.0511341701754024,0.221159439989392,0.640958126655685,0.0502201537866075,0.0153623869894869,0.927085671461166
154,0.0622540778637343,0.266499815446861,0.561109041743998,0.0606164117660719,0.0498578291816037,0.86561755139673
155,0.0462741042020975,0.233377498646405,0.624911154811561,0.044031385952331,0.0290711308867483,0.917088684531326
156,0.0447157753426562,0.230055828966622,0.631914156150474,0.04318781478894,0.0260854948700055,0.922156845498608
157,0.0262988483153879,0.226575935043556,0.635277089595779,0.0270386491977239,0.0177445402683259,0.955115034130509
158,0.0562165175378311,0.219509722231445,0.621239522383662,0.0587736816906857,0.0208226504384651,0.914796449645175
159,0.0233493743137647,0.15381564109867,0.704224555943907,0.0370699336524242,0.00584375542162229,0.957198928523163
160,0.0819356697391959,0.302615855130693,0.505047796646311,0.081606513740368,0.105730308761489,0.789108451262029
161,0.0264907188676298,0.42771736226213,0.446453552216493,0.0268669148313512,0.23827294998023,0.683536419054106
162,0.0776330199362486,0.321713179076621,0.471579060066986,0.0760082023372436,0.102195464217747,0.773175106435419
163,0.0505156908272454,0.216946026522617,0.633246040873389,0.0498224980983169,0.0175667943937107,0.925857897476785
164,0.0492372423370311,0.224972992073648,0.628278404939759,0.0481090781004779,0.0235591811553903,0.919912986356764
165,0.0458468402785303,0.213104485804061,0.648182165304119,0.0477789941200336,0.0133855493102104,0.93619561794858
166,0.0446204667217839,0.22148043230696,0.65785376131471,0.0430079175449324,0.0174046868061179,0.933861782242695
167,0.0456095002782008,0.222826209756899,0.636703849665676,0.0451927284412641,0.0196903647424319,0.928453964810379
168,0.064048439277225,0.222164245408513,0.616863713873169,0.0618420176321783,0.0218580518487323,0.902550218946961
169,0.0464248463870803,0.217727225153604,0.633935900416219,0.0457654713545535,0.0166711022029482,0.933112050227988
170,0.0533060930533326,0.217296702976598,0.62581621713371,0.0532458299547097,0.0153180749537797,0.924831535453419
171,0.0559156724233109,0.220637382771793,0.620897830013133,0.0555850067026573,0.0181313711456513,0.917726152826166
172,0.0504257385511186,0.219457211562726,0.629529650192477,0.0495901889212915,0.0150632082443538,0.928650943162471
173,0.484500413468687,0.144708636296557,0.311930732994057,0.485689260231894,0.0396855623283155,0.465491688739328
174,0.0698383394299897,0.217089814363382,0.608342492219141,0.0695915244966256,0.0193436810073291,0.9029157873444
175,0.0757143903513028,0.211566874418998,0.603368499510857,0.0754144142796514,0.0178583116061277,0.899629425876485
176,0.0635744782509596,0.216976547277473,0.615855702217249,0.0621967610135649,0.0185719046567519,0.912488895864574
177,0.063881615724928,0.220152258681806,0.612216724268442,0.0624690124121143,0.0218684802070991,0.903961809194143
178,0.0791452155117716,0.232481508152305,0.574774070189287,0.0789887221584598,0.0366489841530358,0.868337254431913
179,0.0673249421125079,0.217345202054497,0.610675341158112,0.0665615246471823,0.0189467633119081,0.905370014744699
180,0.000110852853084494,0.776834830160837,0.100093750277006,9.7993048384192e-05,0.656803998989929,0.172238761036293
181,0.122532684771762,0.220957116068004,0.53046797211799,0.121736686042719,0.0343219446655497,0.827748254649008
182,0.184863338766664,0.223245890775774,0.472259051205342,0.190820056940256,0.0465065165704929,0.750254859519224
183,0.037524387884297,0.206654050484971,0.748187577453043,0.03664647559564,0.008743206506068,0.953222448091541
184,0.191158750661638,0.235384193667744,0.453422209019356,0.194033992192933,0.0502919663281424,0.738798626839622
185,0.151248963462474,0.241564613341761,0.49391330330268,0.155094590753821,0.0510950743081258,0.772981035619299
186,0.203158304316625,0.238740707256482,0.439024685069672,0.206787616645979,0.0524564634548448,0.720467119785518
187,0.210971313419636,0.254658354435638,0.43383571616244,0.210042567122381,0.0870141671123007,0.679868589366425
188,0.100791591547159,0.228559068331564,0.563716058126814,0.0992903527646734,0.0342466620190857,0.853133450122497
189,0.0806064162129093,0.220852742485126,0.592374265760277,0.0800070901509438,0.0250453142532006,0.884545770066683
190,0.0812292018369296,0.225892683659884,0.584776999773628,0.0811368784295388,0.0306536955276411,0.877265593742992
191,0.058581472672585,0.219425086790181,0.617894113625459,0.0581488424549353,0.017688940334909,0.916917236572237
192,0.0675455925626845,0.210933351778849,0.611957938787065,0.0679013257582526,0.0145315280749961,0.91081242432171
193,0.0715016410583178,0.215424137282501,0.606600135309852,0.0714086876770672,0.0168678208794398,0.90370803143777
194,0.065162628736148,0.212251294730247,0.609026391147411,0.0664071451146288,0.0207815642573217,0.904727945125629
195,0.085652994634175,0.21357402978159,0.591515356870394,0.085642328476878,0.0218869609009908,0.885593269856183
196,0.140558060951622,0.238550677155887,0.521806522817573,0.139353616085053,0.0409237736367151,0.807854975665946
197,0.113068361317125,0.250093028837166,0.53675294942861,0.115754575979255,0.0519894350262569,0.818839023510175
198,0.146165664678906,0.24880305208096,0.492371464998929,0.148324024607585,0.0570448686480061,0.780383885985439
199,0.165263395778347,0.231829628205002,0.493327174654232,0.168215513920176,0.0489304199894603,0.772822417316666
200,0.51194709923875,0.120441946385441,0.318260784655222,0.508607885608012,0.020202645388369,0.472409980348646
201,0.455558732904385,0.126477234196028,0.364557263725423,0.451939301467599,0.0159165487182671,0.533033948111599
202,0.0207962402794268,0.463486482753256,0.332165658595567,0.0214316197178609,0.227487647928275,0.707394596345521
203,0.0127688563434722,0.699094124330695,0.106078300402881,0.0130311015391932,0.475539447713318,0.299409058954338
204,0.455524133351262,0.128159206232277,0.361218831669349,0.454581059374444,0.0172501258044385,0.528020462314408
205,0.679821896611877,0.0750450108354039,0.211948682984371,0.680432939389198,0.0072899742244122,0.312087901554101
206,0.421529851339568,0.132994431718602,0.385825509571285,0.420588941657174,0.0173311281252731,0.560582920764594
207,0.387672659495859,0.143083328273547,0.405455593631976,0.38647747126198,0.0194776016521199,0.591802880797011
208,0.0957359485236425,0.215729424502662,0.581336260729178,0.0958140372036511,0.0219668570940712,0.882398014081349
209,0.0888972471567387,0.211945303202249,0.594959857069569,0.0893401994500778,0.020673474412625,0.889220255080145
210,0.0728999004490585,0.207078357688706,0.620026819725076,0.0711684893370753,0.0118958998390193,0.914353581823909
211,0.279965663441876,0.168818301277817,0.472356409275249,0.279510999784605,0.0216932078472725,0.696315376542811
212,0.0443139145927755,0.216023339385211,0.638118823749147,0.0440603538933132,0.0150852328609976,0.937972493506963
213,0.091706994791499,0.253936256691582,0.542322920532948,0.0901048584190177,0.0374681655861277,0.862421473891953
214,0.0814699391290184,0.265266034300415,0.54439400615303,0.0810046927734312,0.0434496132653013,0.863490893939452
215,0.0551183709358926,0.226245831442197,0.612869950049746,0.054951123838353,0.0214115864164436,0.91628599782619
216,0.0737714964733414,0.245963115311762,0.572305747315569,0.0722764566149591,0.0327451122542469,0.883959031872833
217,0.109440324451003,0.203822931030762,0.590814321973636,0.108850043015208,0.016090449838188,0.870435369815432
218,0.0824037306900669,0.256289510525351,0.541835884949052,0.0815837397784029,0.0428518120684008,0.859077445400728
219,0.0558148769963055,0.224447601458575,0.62205099408155,0.054574883490345,0.0217754935397683,0.913785646026202
220,0.0571677961492829,0.213349912877783,0.626184448661506,0.0570746267845293,0.0145443275659192,0.922671834759431
221,0.0607136740222196,0.222143406794826,0.611671800489344,0.0607321722714638,0.022450702281766,0.908928184322897
222,0.06505013407934,0.21744788097533,0.614043940841247,0.0638412546728132,0.0170638843756159,0.912686099687834
223,0.0703244915849566,0.219527596674812,0.603624962614902,0.0699383517318498,0.0195050475543222,0.902764610264952
224,0.061207120194838,0.222692276558877,0.611285133291836,0.0610125801949591,0.0225790029141027,0.90842735127063
225,0.0784455865927409,0.252763737184901,0.55191875132275,0.0778433416041462,0.0421218029623578,0.862981437125456
226,0.0489247379440755,0.217971616197932,0.632956176817845,0.0475508156782062,0.0160889658981741,0.931607001395892
227,0.0762126858233132,0.252230772135278,0.55607468898299,0.0751235928757856,0.0427716408308374,0.867168209325093
228,0.191326825351463,0.201724826787099,0.513010695059925,0.190963178811917,0.0313752656447921,0.771138292940834
229,0.0453909841583366,0.214653318955735,0.634836340445155,0.0456071291118837,0.0171952823626193,0.931745043213218
230,0.140619836405798,0.210300052816121,0.548454551012616,0.141648087849559,0.0307797434631812,0.823363361177421
231,0.0584122039025086,0.216183893458806,0.678479773159657,0.057649559522121,0.0207015505008169,0.91525920291649
232,0.0439656883139615,0.218592444533046,0.630873009039825,0.0430234322489473,0.0215991202071902,0.927519468654832
233,0.0865396865025854,0.225553021732772,0.580748101259623,0.0861293059068307,0.033261581333134,0.87066290842022
234,0.180098837119528,0.2073473071888,0.516712416645791,0.179135745146162,0.0339373828937314,0.779945357538085
235,0.0419560093373478,0.26405366903867,0.581185489502126,0.0405636813914366,0.062308934711035,0.870783865600141
236,0.0454748604416504,0.2311286110104,0.616261464939737,0.0454246673120098,0.0269132588744609,0.917520346744773
237,0.0477483229614928,0.224344667556946,0.620422691211545,0.0475041888633713,0.0208494431616797,0.923892783407063
238,0.0528401835853818,0.217227938231099,0.632586229556502,0.050113237330173,0.0191504168187476,0.923068000464717
239,0.0471435422021654,0.231253862009359,0.613433320426149,0.0463586315185911,0.0287760924503797,0.913365126703596
240,0.0449193914463421,0.265215005941793,0.57975041537207,0.0445147151988049,0.0616116372835193,0.873283278367768
241,0.149329874734888,0.229417246407129,0.512052989241376,0.150905759778144,0.0415884944985488,0.794746613738705
242,0.133295261733395,0.239343519268019,0.526094926798698,0.142065702736811,0.0541995843062845,0.784245579456486
243,0.139749111616974,0.233744831421432,0.521823444829928,0.139398237463765,0.0424700960006119,0.803708850777056
244,0.0529842924141167,0.209487067973043,0.632953244172814,0.0528885813869883,0.00779588741806547,0.93815729706433
245,0.503767505302506,0.143136627934327,0.306574137026271,0.501825075257242,0.0391941958667568,0.457130847213516
246,0.439052637949069,0.145968100787453,0.362401763926428,0.42239472148151,0.0322211682688041,0.543475504986203
247,0.612248237432957,0.0941867961534856,0.251893232385112,0.612110725056115,0.0157251335582819,0.372281024789074
248,0.518699914338258,0.129415251978191,0.291829761967267,0.519303405016115,0.0363289433209217,0.436444129149195
249,0.501416427589428,0.114216313477244,0.343603242388851,0.475444766758288,0.0299678051011217,0.483098884693448
250,0.266004389359923,0.195983438248278,0.452190962927484,0.267549129668575,0.0301120969163394,0.701287194908716
251,0.518996049690342,0.145308873513555,0.280308782672496,0.515781380310489,0.0360706258234395,0.451691896461909
252,0.479295263187964,0.133701734458409,0.329456530227587,0.477547293998205,0.0253057535117592,0.494226569221999
253,0.480172610169997,0.166844878176568,0.292129074470612,0.473865258430687,0.0634301185528751,0.459692059787582
254,0.477867274687778,0.133029418341256,0.322939715100843,0.473240084551602,0.0280136103866322,0.495713501775117
255,0.402270705952226,0.161758630768051,0.368523856192055,0.396179708317139,0.0378370217033415,0.568996231030057
256,0.151863543880691,0.223256116148059,0.516825842390122,0.153635256230028,0.0495253593665339,0.787627124193907
257,0.0143363776034696,0.668529464643146,0.126569886433924,0.0144879559965857,0.43370952173189,0.361145447608787
258,0.258595055919241,0.198429736160415,0.452666899836684,0.259233710980619,0.0460871057462325,0.68621576378846
259,0.118588523062046,0.210021592071897,0.57025182631566,0.119380499797992,0.0272924428388497,0.850978149692982
260,0.0600626342773907,0.232267701531156,0.597551038334975,0.0599161776653956,0.0313959264779979,0.898502424926735
261,0.0481540617601037,0.220385193403256,0.632922181259477,0.04642983465116,0.0186226652691902,0.928812267920623
262,0.062243852914928,0.213853704224746,0.617273246919034,0.0624717796757685,0.0189664926587556,0.915405466835221
263,0.294479881291185,0.177956049826331,0.444837335762206,0.293047614259324,0.034071263790548,0.66904438306354
264,0.499134909482598,0.129096509337965,0.319714487017041,0.497861879107746,0.023360173597062,0.475834158626435
265,0.523658649549885,0.109722807835838,0.314597388993134,0.526157817439289,0.0113408957461321,0.461930280276599
266,0.583902375541815,0.104653901616571,0.268443113505514,0.585677094498677,0.0186488065984883,0.393810069417498
267,0.428202364107426,0.146078735351503,0.360930477344413,0.427970087251878,0.0307188432830867,0.539114359701024
268,0.431957541362627,0.14085719753341,0.357552938328042,0.434830391865748,0.0279276605782362,0.540242107434299
269,0.113395532861383,0.222155690926412,0.554284384233472,0.113498889394278,0.0387828057346559,0.844852258792139
270,0.169855677383293,0.206153455036463,0.526267504426698,0.169956373459389,0.0358187831672486,0.790526836434399
271,0.479149398700821,0.122658935539409,0.343673806847026,0.480868183729431,0.0182128266583054,0.504304484251529
272,0.196980040331128,0.170132697734242,0.543015368740499,0.194470618038399,0.0120952417938537,0.793866156354596
273,0.237501442135291,0.186668200051699,0.487980279919265,0.238269645897134,0.0301142315036543,0.727424583899412
274,0.149098519496039,0.188444807036981,0.566230192478663,0.149428841901387,0.014670474664579,0.83631961743488
275,0.0758959362749909,0.215861031434168,0.602609485878652,0.0764273107169389,0.0244454704483812,0.894891347953246
276,0.255725143862953,0.182111612898445,0.474946300921454,0.257441597014352,0.0304289165501669,0.707237901550206
277,0.0682368238394129,0.240152429064729,0.578659526971182,0.0678965407510835,0.0366627896423527,0.887807675211162
278,0.0761775105319418,0.22425280362776,0.591411881711703,0.0764071099607127,0.0291327634829822,0.890271492344935
279,0.0437343423446668,0.225805218041757,0.625952126671404,0.0443866547409044,0.0230427186005503,0.924606172065838
280,0.183412898676594,0.201660817240544,0.520854850891608,0.183319191660835,0.0329681614285163,0.77672980132725
281,0.288771838594192,0.180131734162825,0.448670649976265,0.286917302689032,0.0338495575967633,0.675654520714707
282,0.0610988106927931,0.211096151674545,0.626914330994623,0.0601210050412953,0.01393824589507,0.920940409656997
283,0.064090953470656,0.247219604031173,0.590751838001132,0.0613796042781398,0.0415278017654016,0.881084131106039
284,0.0919456494372086,0.24938446483016,0.55350423870486,0.0897463990089298,0.0479111800502772,0.843045221458953
285,0.12378395383617,0.251907976065688,0.519065488948325,0.122634694663397,0.0540346979866192,0.805102772419442
286,0.124544616738302,0.253883893386622,0.5138433117644,0.124209973778023,0.0591326922283059,0.797256185171302
287,0.122255292436431,0.254402973202097,0.514153702882601,0.121124617718376,0.0561630783495086,0.799953192354925
288,0.0450046944942891,0.260348255424658,0.585718688073324,0.0443194310845313,0.0552835320889159,0.876619072935154
289,0.173936837594157,0.257453354763141,0.447950135281898,0.178105569946153,0.0673970718913009,0.734360176135106
290,0.0302259354249844,0.207385227669257,0.711415244296692,0.027663227358055,0.00528846436548303,0.967012902598301
291,0.13295021080962,0.258187193923827,0.497886534925708,0.133233563592994,0.0559122965408832,0.791592364359804
292,0.102140100728339,0.249878732590244,0.542200176645134,0.100477779115278,0.0448343219881463,0.835224678774442
293,0.138364118508049,0.261484789485364,0.482203651572385,0.139155612767858,0.0688228466517013,0.769931454522712
294,0.119892893104895,0.200945814308649,0.583233021967058,0.115720432770954,0.0161821729305333,0.867003995151236
295,NA,NA,NA,NA,NA,NA
296,NA,NA,NA,NA,NA,NA
297,0.0832647935051224,0.215033412748449,0.594124616765026,0.0837502106609064,0.0252497195683578,0.884936499499407
298,0.109090557443377,0.167832119273525,0.639448859916305,0.0945043953122556,0.0285006698258773,0.862495028611737
299,0.0564280148092414,0.217865699074482,0.623154416172817,0.055729484220136,0.0170209191208717,0.920374443519237
300,0.065823525834153,0.223328843420715,0.605481627478425,0.0651409931163454,0.0251531698533082,0.90249802094101
301,0.19794591647209,0.200123946171175,0.497294009287113,0.199831435639558,0.0350086524476422,0.761598177488679
302,0.129530925076952,0.199914108918591,0.567888983667712,0.131322457686627,0.021991232403219,0.844871305082833
303,0.125275756279057,0.206525297447612,0.56271925111713,0.125442831871581,0.028154733310337,0.839731076623279
304,0.112114201764604,0.216438770612153,0.566028299201739,0.111368926778644,0.0300850454566595,0.852333841846209
305,0.0755311183393557,0.248909887335098,0.561294551850182,0.0755420326512665,0.0443990967112543,0.864010870769331
306,0.055775703236651,0.230045987893098,0.607522241806498,0.0547226496626478,0.0259563741835334,0.909620772684036
307,0.0268663701474351,0.385384322617232,0.381693026180982,NA,NA,NA
308,0.0636771163257046,0.212037985292175,0.621790689070342,0.0629785443201603,0.0161117643807954,0.915766923049874
309,0.118462444542166,0.140964620473124,0.661379027819849,NA,NA,NA
310,0.0656301341831673,0.22894484960849,0.601512012210201,0.0649239335631293,0.027100032452485,0.896269622888381
311,0.0853046995929609,0.239417191925083,0.569228804457947,0.0842464567254088,0.0400380480354169,0.860732573186936
312,0.0789543978538848,0.255808114674337,0.552944039486358,0.0794246708654952,0.0632428327558005,0.845647488175939
313,0.102019703936541,0.254094893404773,0.531072808059732,0.102093649822047,0.0602009357082664,0.82323763606729
314,0.206267243876493,0.237408647163476,0.456939546165325,0.205043083198873,0.0661363904504992,0.711463836717054
315,0.0436775676131144,0.223837495768965,0.634490887547905,0.0420028079412448,0.0198273368253067,0.931248605749879
316,0.0607456416618202,0.222168462794718,0.616555637175883,0.0593284167743181,0.023344981894739,0.908383939018109
317,0.0506809006858635,0.229925667259987,0.619062453875478,0.049019811584351,0.0281100101967745,0.912369409850113
318,0.082764072515109,0.224310075166101,0.583553788319312,0.0822698019264291,0.03038312888119,0.879999060428092
319,NA,NA,NA,NA,NA,NA
320,0.075824035512848,0.230391500527933,0.594022122821611,0.0733232780168152,0.0291158349081542,0.8863063116504
321,0.0610383072331712,0.261138209688034,0.577799259230769,0.0589985704966078,0.0614104139390338,0.856576519779078
322,0.076095833275353,0.262554055702198,0.555516120282568,0.0740299239007521,0.0722123547608912,0.840890994618425
323,0.208481839165073,0.236110939423485,0.455962325204536,0.207103348485162,0.0667134170140781,0.708795684718739
324,NA,NA,NA,NA,NA,NA
325,0.0880717142177416,0.236300134258864,0.565569160074361,0.0875997782371123,0.042888974015955,0.859859828233889
326,0.211730516259752,0.424034266474144,0.22104430357678,0.21490387006513,0.255439080378157,0.457599095345577
327,0.13383361832955,0.294539251134185,0.419576737835715,0.134369273420021,0.132745414846467,0.656332966386256
328,0.0771742456488824,0.25239271085686,0.560367550802694,0.0765242747911299,0.0572461289755455,0.849868975031504
329,0.097559302997895,0.212699195935352,0.594868501052234,0.0902415590246693,0.0647345963919595,0.807775737428232
330,0.0892078879877193,0.235395150613111,0.570556654432083,0.0875459990502893,0.0407565322852723,0.856432352637789
331,0.0679932315422985,0.234977397605203,0.595199952208214,0.0657752992180513,0.0364803852752913,0.884146401526423
332,0.0809973419939196,0.243321290026363,0.571496967958171,0.0789380882971892,0.0471783033788444,0.857043086090074
333,0.0943279346155883,0.157447503291064,0.65933399125002,0.0822189329964469,0.0350804635665585,0.867641077280445
334,0.125226654863523,0.252580999104466,0.503584362650194,0.12677436219531,0.0538509567679743,0.804721988647537
335,0.092663889368129,0.270226479675271,0.524362887631252,0.0912645206426228,0.0690536403613036,0.818910044974943
336,0.107620793054652,0.277197399046201,0.503191940708953,0.10674324816032,0.0780240911953313,0.790479248801306
337,0.0828700405051976,0.265034545658483,0.542872158309906,0.0827214824216091,0.0677463382701386,0.829112597793484
338,0.079360904485521,0.277778550545218,0.536227358951115,0.0776871520215649,0.0845534865278708,0.813634405244342
339,0.0742849979159482,0.305811631372755,0.505961495114994,0.0730226263397329,0.103450392685827,0.789685461338061
340,0.0734174639683039,0.244823908659223,0.570830071754605,0.0727167885190741,0.0484829109464846,0.859493903879133
341,0.10439336229179,0.210719042690036,0.571480475725911,0.112723114365889,0.0564869900197786,0.812746505903528
342,0.0758871412691465,0.303536563173204,0.506136632607649,0.0746224871975373,0.101967291874249,0.787263649555005
343,0.0688613224058531,0.274391933925123,0.544942434470303,0.0682151898714737,0.0765111755494788,0.834831761699141
344,0.0537656516074342,0.229288688442755,0.616515316457452,0.0518587852112244,0.0345784177843341,0.900373681265847
345,0.0532166895858864,0.237299359734023,0.607575064403138,0.0513538806564311,0.037404652876574,0.896660338809002
346,0.0298282452625089,0.259281988274919,0.672886090747758,0.0253606102481171,0.0563471755899029,0.902950813735925
347,0.0605917900408224,0.256095765322747,0.584926918432243,0.0584461723028927,0.0609485521217097,0.859273914633867
348,0.0730575472501499,0.248482067346709,0.572924423210908,0.0721607698011291,0.0502447984830264,0.866819600351595
349,0.0502075767641123,0.410601776219752,0.433339814270942,0.049545655893617,0.230990097385183,0.679914611118582
350,0.0555917272309729,0.364688541611864,0.476898289983595,0.0536133713939992,0.181442043001531,0.723875917658311
351,0.195759938438916,0.244139137740574,0.463413714837762,0.189662754906711,0.0696772377218375,0.711127736241751
352,0.0288770914327388,0.590313614573553,0.289033573060372,0.0253518434273341,0.390086065602278,0.540041681166964
353,0.450685408694384,0.234419875232187,0.264663777197231,0.420136191875613,0.0758167151122504,0.471701379832911
354,0.0633672775327243,0.220445212441592,0.601743290025015,0.0680048510135808,0.0400268141680939,0.879940434599917
355,0.0733008297871535,0.244382564070468,0.573370628144091,0.0723790891092226,0.0480537521980238,0.861777945469003
356,0.0712172681475997,0.220874401687315,0.603753158345383,0.0698796352180593,0.0261051055748352,0.894386486631867
357,0.0820899054463399,0.222348001700955,0.592020722012556,0.0791914508135626,0.0256580550444129,0.883752802680137
358,0.0898402668359575,0.196267099745579,0.622957633440144,0.0858877227786457,0.0233586385032702,0.875973096677235
359,0.0739217356653118,0.235969368746835,0.587497188114457,0.0721954247107088,0.0360191743156796,0.879545854163491
360,0.0686948779099288,0.237344590470072,0.58901295880444,0.0676309036664795,0.0397494197990882,0.879890812013276
361,0.0884800617623638,0.254714438325574,0.543359569068107,0.0871369005563181,0.0513285271498514,0.838427692088433
362,0.08393850091636,0.570062353644665,0.238740853187714,0.0897190660890436,0.424951288122723,0.452552870262793
363,0.0216755022091736,0.437618465902133,0.364465697203508,0.022254584665059,0.202726013815972,0.741181678680432
364,0.0884105212523701,0.259963533365585,0.545953424932049,0.0861924283891823,0.0704767882365105,0.821122767445423
365,0.206963636148715,0.390096562986766,0.276827234662195,0.199127465178101,0.238147914541368,0.441296175626419
366,0.0745696366275318,0.266767143754869,0.549058678470352,0.0744618722288678,0.0632921054767506,0.843965664897959
367,0.103087248666736,0.302728940603292,0.487420053313698,0.100183450861339,0.121879894854553,0.73108533328708
368,0.0932193232408718,0.293767130402358,0.502441474594465,0.092603678038264,0.092837999115756,0.781801400917879
369,0.761451578995505,0.108339587590127,0.105180742573918,0.760319523534109,0.0395180281653046,0.19930237909604
370,0.1069202841599,0.305414904008171,0.474725380538973,0.105166579068714,0.107477364856428,0.750486137093543
371,0.157177241972596,0.381359563636213,0.341520418106343,0.152715451749759,0.201372421175883,0.581890395197346
372,0.189805120629964,0.245499367810762,0.465244323485051,0.183205499879168,0.069444378490649,0.715981020691113
373,0.201142846965717,0.242746805920068,0.454926367412346,0.199966976132544,0.0707702539667285,0.708758844935088
374,0.111380420991858,0.2487040389731,0.542251032040996,0.11077220203918,0.098962181209656,0.747403315647481
375,0.00247787682462227,0.81351171136646,0.0658183381372322,0.0025476727060077,0.691562743755107,0.151413508918706
376,0.00522218452161337,0.774759309678667,0.0771914861881245,0.00535985821538407,0.616730520912783,0.192598140222324
377,0.0828554489868724,0.251144593724544,0.558264864633103,0.0813149150716332,0.0475801859757867,0.853042385360565
378,0.0812170611174821,0.298353117142551,0.51307843670183,0.0810241364808102,0.0930723423317825,0.791203816855309
379,NA,NA,NA,NA,NA,NA
380,NA,NA,NA,NA,NA,NA
381,0.103703852483437,0.286111129307403,0.492557868576444,0.103429162225521,0.0825688843313993,0.776629855126331
382,NA,NA,NA,NA,NA,NA
383,0.082146517069555,0.266509461025333,0.544518385398735,0.0804463381591903,0.0706519450273667,0.823704917274615
384,0.119431777645668,0.248556310807798,0.517592274302752,0.114164138678419,0.0645839564457107,0.782321678558172
385,0.0873070929808358,0.249544529526213,0.551931363660672,0.0895896714570126,0.0557280247299619,0.826168169177479
386,0.138892952010296,0.245706925094269,0.502077071749437,0.137087429153712,0.0657903768195381,0.777327725243054
387,0.125804342694386,0.264202973882516,0.500248585461064,0.125528995616525,0.0687472561572253,0.780882117115299
388,0.100203716147598,0.229773831421261,0.571432384334481,0.099167450133915,0.042045896495133,0.837403423699359
389,0.112755659500784,0.307002688612039,0.465324854661698,0.110741786786146,0.105891014136447,0.745340150253672
390,0.085683081503434,0.308791928580813,0.494311801740385,0.0854886234502609,0.115193713992264,0.768150564649777
391,NA,NA,NA,NA,NA,NA
392,0.135483224520841,0.351587490098456,0.411002270478915,0.147856541433257,0.163889640625983,0.696419867242649
393,0.172182762803204,0.285373413611414,0.416640585564642,0.179190138222011,0.108006061431327,0.66696869446894
394,0.19444444596551,0.276195732323255,0.410810530936251,0.203143456709983,0.106475973689668,0.66119765356718
395,0.0406698266708366,0.414696081844453,0.450072233934631,0.040452246560408,0.245996496822477,0.678994356308462
396,0.0826059462179494,0.36233290237038,0.458088389618074,0.0832375968763444,0.184823474447888,0.688721842537306
397,0.214689142397916,0.281347602226707,0.397833440436061,0.213499613746582,0.11225119174519,0.643611281384884
398,0.0349558858719753,0.250361143911718,0.605311268220601,0.0349198140409125,0.0589404593817641,0.891417769881213
399,0.187761026660511,0.238062674883718,0.460013182405082,0.188487055391778,0.0710960181291333,0.699952771470828
400,0.0563191921240038,0.437017470548724,0.376550493004558,0.0546128055801955,0.253016128944259,0.633672728816598
401,0.080807284830058,0.242748807982587,0.56229740348793,0.0817459601943378,0.0455111201746623,0.85754468017352
402,0.115941577963581,0.224006668201221,0.55397090910456,0.116698728080268,0.0394944518539215,0.839477186694453
403,0.102108146749796,0.238382169482837,0.547933807420118,0.103019987735012,0.0460027558078082,0.839867007197179
404,0.133079745858196,0.244119199280946,0.513759410116215,0.133447335835841,0.061835905527013,0.790781721883869
405,0.0861474119920755,0.338699350142186,0.443089078443596,0.0856298871938408,0.132622958192638,0.73756885400252
406,0.104263769914493,0.364442330160687,0.397575608563536,0.102530619962525,0.163082238523382,0.680656317456835
407,0.00320901853787728,0.912056300949517,0.030448672230331,0.00328708565333543,0.846534910406582,0.0743096945562414
408,0.118038443589678,0.346597225515922,0.406519515247525,0.116236836430079,0.151511523730932,0.684575473078752
409,0.0961786827312745,0.338955520410689,0.440277288023602,0.0907236699880434,0.133635926933979,0.736615836787701
410,NA,NA,NA,NA,NA,NA
411,0.0397640339094209,0.331242425034365,0.503751220279038,0.0371044780380097,0.13088656129832,0.813105284073841
412,0.0816304041582513,0.344824950648085,0.443566989732098,0.0781828266319096,0.142716289115842,0.739247646367308
413,0.0052869470294114,0.871835766785265,0.0459943019320566,0.00538368193719835,0.76875956219837,0.111233017221889
414,0.0662759442353235,0.276548952906617,0.538202140788807,0.0646319744399071,0.0713537664430489,0.847015050353837
415,0.0607412216609457,0.657900006768872,0.17724625492332,0.0599071842593817,0.494694509008461,0.34685060085966
416,0.00394075543436297,0.848630487068005,0.0552113547953014,0.00411736280164158,0.735702393060162,0.133070154070226
417,0.18238429615393,0.361983967766391,0.352523101934415,0.177985715690181,0.162055887430948,0.614563900292364
418,0.0207968491363199,0.453702526750426,0.344431447364387,0.021373091060157,0.21648886676489,0.723052414322252
419,0.0947426035806694,0.363820872483234,0.42416642176978,0.092015791802223,0.182131724445234,0.682182527417794
420,0.00044452710311008,0.782987956401513,0.0939891875006582,0.000515764134056653,0.663382165401831,0.167745984780728
421,0.163071051249238,0.379036851211116,0.345830081984064,0.159629326154242,0.190418248760569,0.599468088629932
422,0.0708770367034647,0.355050452105058,0.46111205759267,0.0688712944584275,0.166087683087699,0.731138089914732
423,0.0772545687644743,0.373302073145208,0.430711057511323,0.073304960530836,0.176552774736807,0.704717603059079
424,0.030639875714701,0.641349327177934,0.243892147330964,0.0292548510627212,0.508390485595409,0.396428383789024
425,0.0550447013096644,0.225356808261219,0.672783108235575,0.0365496586614797,0.0135227173647215,0.94966238379372
426,0.103783746513772,0.399115228626262,0.378969033871701,0.098844611404905,0.194388101695081,0.647756547682032
427,0.0561356889665244,0.350517091156328,0.482842252319856,0.0544694933949293,0.155295146075412,0.758407089650976
428,0.0269603212877323,0.212890930287687,0.652054265122216,0.0277132717922181,0.0052424816431713,0.966825347360559
429,0.0493339660227221,0.308989985006576,0.539584311149463,0.0425665494746442,0.1034209830246,0.830826608969692
430,0.0264162725079597,0.229599829301782,0.631085938493413,0.0271352686323718,0.0204485233333397,0.952083491328172
431,0.0478559044793217,0.339216362104929,0.508423873907578,0.0446524340911537,0.140669831810333,0.785326855852988
432,0.041645720981108,0.288749996850685,0.562809696569682,0.0387141829019143,0.0984900214936387,0.839691922333517
433,0.0441858415852029,0.342283887906172,0.508053760970114,0.0397407389401034,0.153409354193516,0.772427569454193
434,0.0488918759875134,0.324823735771226,0.526215761178644,0.0456280596988822,0.132259884678788,0.795416364623691
435,0.0386361690802563,0.374571806395395,0.487694268995576,0.0382150289574647,0.208836429671473,0.732502723055821
436,0.0523631311675872,0.321381233971262,0.50373119377463,0.0531506636027019,0.112525231021994,0.81432530474068
437,0.0577260486609373,0.335356408630592,0.488832505125948,0.05523279869736,0.118289194942624,0.806612526358021
438,0.0417362446946874,0.323510514103847,0.515842133378802,0.0419993526832534,0.107022499594042,0.834036944696841
439,0.0441788588802623,0.315001850905984,0.523932039004308,0.0442863680517744,0.11021457486291,0.823245012637269
440,0.0536033130182114,0.320371165481999,0.50689245714573,0.0506360514246644,0.110969911319153,0.820192545845218
441,0.0343718944218085,0.276081515718959,0.578252905090114,0.0317284211367031,0.0830147038384796,0.876571969386455
442,0.0364826489263236,0.300610373558565,0.550052492836492,0.0347533100368391,0.0903003206766179,0.863316275634495
443,0.0322334890044854,0.29285369954588,0.55914317318608,0.0303835087513607,0.0795473423469345,0.878031830885673
444,0.0333012411343578,0.27021420550132,0.581896570904189,0.0333659590375273,0.083594561819799,0.873072125181161
445,0.0524430388549012,0.354565455511624,0.463869364962993,0.0526251886126899,0.161427373288074,0.749117456862597
446,0.0530777345668231,0.378392747357419,0.425341930753697,0.0532253985844219,0.162704982039297,0.721566948446106
447,0.0274537022257456,0.230098549499423,0.635095077759546,0.0281864833322575,0.0319605652078837,0.934239493258715
448,0.0409168331174492,0.316753262209944,0.519087041970597,0.0411875985276168,0.112300231566832,0.819182483860313
449,0.0380663777741228,0.33734836900071,0.51025140992426,0.0342826935728214,0.116033991944036,0.83381100350876
450,0.0156779911244798,0.66595230752424,0.129890968713901,0.0130739152686975,0.430429576569493,0.367914161949424
451,0.0285767888506272,0.283574561597927,0.579820658205812,0.0259521081524315,0.0718073398233661,0.89295699290148
452,0.0291609883714013,0.321614659725304,0.534553099013128,0.0266250750152491,0.107776432975425,0.84048871807078
453,0.00346246148277473,0.817200814652553,0.0618355981947245,0.00358022134978059,0.694583083361316,0.149150323038396
454,0.119359101375543,0.357609752775995,0.404878766767294,0.111056430191628,0.146781446456749,0.700290915022023
455,0.0291549762407415,0.260380803128778,0.605569070200995,0.0267636155001864,0.0492823324417872,0.915052773162161
456,0.0260057061844512,0.263029732246745,0.588354927167045,0.0259924210665956,0.0534864657099379,0.920819389747629
457,0.0456366347736633,0.335585784866972,0.494626044825482,0.0426628400946507,0.144892265949108,0.771591242639804
458,0.0257090656329353,0.219141509130727,0.645589380676777,0.0264251468697787,0.0126419601197568,0.960794886885202
459,0.0407863074017061,0.259076795731648,0.608825617231211,0.0368189093276976,0.0851647256353948,0.8643947067057
460,0.041546821653126,0.24825465538769,0.659847495839699,0.0273431080799522,0.0213272611229113,0.950819612095129
461,0.05076709535711,0.365892816209616,0.4715228255828,0.043883764083788,0.162983039791259,0.756052489788972
462,0.035467238612422,0.308412333506254,0.552334186368898,0.0307208082902332,0.108829610686673,0.836310992685277
463,0.0369294998198871,0.296546522773638,0.570781599062888,0.0339388592463111,0.1061482621606,0.838107697471809
464,0.0422901815424427,0.290753915382707,0.555558744955836,0.0417062368523036,0.127993383093945,0.80421381050368
465,0.0369875409931244,0.203031474880178,0.6518934067318,0.0383687082835223,0.00549720971846054,0.956059114010586
466,0.0461256587762268,0.20794474576007,0.64842760024395,0.045763420253301,0.0315215673043018,0.919771336246231
467,0.0294316155170202,0.230234505887005,0.640320167016689,0.0278463387612342,0.0304756039811438,0.935608996409526
468,0.031784877193599,0.233006211592927,0.636936432769998,0.0293243241235229,0.0329149543557443,0.932179771460504
469,0.0404768341452631,0.320743248695364,0.51672602743962,0.0358216966081646,0.112550418566002,0.818137703839219
470,0.0508058016974525,0.331395945845742,0.508355119413854,0.0436891557866261,0.125509264895062,0.795779180729382
471,0.419170771481551,0.182318974865768,0.331035818266438,0.416418225699114,0.0449691506098503,0.534938398161322
472,0.592965892815081,0.119224418154548,0.244360004138808,0.587555894008387,0.0294866456649695,0.379371625602744
473,0.564965808997192,0.13445159227812,0.254782851842327,0.558014212897378,0.0253582020079129,0.413403103262301
474,0.551894210762389,0.151758366929372,0.252079730791449,0.544302199595937,0.0279467778172889,0.424932271535404
475,0.644941357437215,0.101789220938134,0.225001331139143,0.633824441126998,0.0275713009349586,0.337314557061202
476,0.0612633638257695,0.230059213201064,0.66886683556409,0.0485773301202669,0.00634299487041177,0.944987960927234
477,0.618963785012048,0.100793091897218,0.246318421694479,0.608961413795906,0.0247901273349877,0.366502236624429
478,0.591374176450053,0.104707949734432,0.26537509664582,0.583874610593266,0.0250822303565381,0.38727144416321
479,0.0622995355552262,0.234265795652157,0.589030062713043,0.0613920525656755,0.0289429410956891,0.907397700615275
480,0.408824184345025,0.182263388892119,0.355888726358538,0.39688011391921,0.0477470472542127,0.553824634014747
481,0.569574271977788,0.116443314885343,0.26154618644768,0.558670241504535,0.0393990120802111,0.395039169040886
482,0.497198402728488,0.151787461395403,0.294723149787531,0.489302459609234,0.0359802994940686,0.470533384216601
483,0.438561972226286,0.155463898891986,0.320570071069445,0.474779441106491,0.0503073713091479,0.453735616542467
484,0.47075881377557,0.154775229108613,0.313677475467569,0.466192657638762,0.0363762771248807,0.493966013210177
485,0.600333519056077,0.113613324667816,0.22425017375699,0.658784627157822,0.0521671264072077,0.271854432682098
486,0.516517461814759,0.161436557153881,0.267607581557106,0.511097917627655,0.0452519167480657,0.443908698074184
487,0.507590262512614,0.149996487096994,0.283367894672864,0.503779946225214,0.034587258737738,0.45789504050181
488,0.179014495449239,0.269166852404341,0.446095594303139,0.168801784933861,0.120299376713536,0.686472751350507
489,0.452141152135529,0.144263630443835,0.336818577770111,0.438305417360974,0.0497963481285186,0.496239680699409
490,0.441733193170314,0.201766247420715,0.282639073601782,0.431152179875782,0.081127466875183,0.468014025719326
491,0.438484424423187,0.192670097672623,0.296393791998361,0.428538749363555,0.0785543562056032,0.478298755049519
492,0.209561011920009,0.148178799372848,0.571593780343195,0.202236509821493,0.0224266858496954,0.771118479642421
493,0.229700496840279,0.192962128495144,0.486476078482221,0.229311436476988,0.0370391878378064,0.732016032539952
494,0.257726460998686,0.215040630771269,0.433368070442285,0.254085371924128,0.0586792497333096,0.680543983192005
495,0.139347074369865,0.323114508966641,0.422271517474709,0.134797720442982,0.162486755046302,0.673938210948899
496,0.220102652853849,0.26536395328701,0.404969049786771,0.215626469259842,0.0834958750675717,0.687674788366359
497,0.237980004275801,0.23158798768914,0.436013649858795,0.23088962479665,0.0726108697773766,0.684946401271437
498,0.0227458697266964,0.384873000045495,0.498815410730233,0.0230031113474718,0.163960967044759,0.791590179224982
499,0.417396797553453,0.18076100319747,0.330363440039836,0.408218731353365,0.0524630259815793,0.533613160297144
500,0.109649829745862,0.286483953414458,0.495009683076911,0.105535886345411,0.095883635827676,0.786190702390314
501,0.382148447407238,0.177836157581829,0.35588951777286,0.372019056434077,0.0656290152741464,0.551541322775609
502,0.419764130626437,0.186918925994443,0.321422700173552,0.410094022284443,0.0591652587033009,0.523387671544797
503,0.419142297747639,0.187657959539238,0.321557103795294,0.409333483086923,0.0601353838572518,0.523663826968753
504,0.3677939353039,0.178913995024295,0.364961488086363,0.364790558639993,0.0716162344479178,0.554461483775768
505,0.0829299484779059,0.274706164087762,0.523812060391829,0.0830199854009978,0.0639773228617682,0.842806922686824
506,0.0498032645682294,0.224514471459757,0.630803363785789,0.0449449491093917,0.0490281852687103,0.905023943819029
507,0.0480510768969001,0.270532655158225,0.558613542900631,0.0483987083730714,0.0659925187118133,0.873860405581344
508,0.0430976589852398,0.233104471479239,0.633125127738151,0.0395245216604882,0.0388040043144685,0.916363338160851
509,0.0413862749257686,0.256319931775115,0.588563743356085,0.0402651910891069,0.0547508702092376,0.888791055041165
510,0.179005802295184,0.263119353945564,0.455847137595766,0.173120378793761,0.0810256300145002,0.719362611806533
511,0.0486512442609327,0.227387033637762,0.639739371032043,0.0451852272502304,0.0499278133235276,0.899518240511171
512,0.0395528179389878,0.246372472429187,0.615206056662857,0.0370609440043705,0.0319512328059514,0.922751869568206
513,0.0973518969201182,0.287305743949481,0.499564872411024,0.0952816966112083,0.0843613747226087,0.79531688343994
514,0.0340992942933686,0.214267185267306,0.641056755074818,0.0353279741456864,0.0133082720281189,0.950945532877783
515,0.0400614334379508,0.27001805216869,0.577303137858173,0.0393581849063088,0.0752137254365523,0.86348336885749
516,0.0379298471157673,0.236386364367029,0.630280948114877,0.0358801078234154,0.0457122376967809,0.909763800873936
517,0.044649954823929,0.209367544707384,0.655887434334051,0.0429441851810962,0.0209825204800431,0.93490098602726
518,0.0315089238979037,0.255108502276169,0.60246100492775,0.031186119849995,0.0497093640610984,0.906651303372886
519,0.0343811040969007,0.267220566224408,0.589414770947138,0.0332000889003873,0.0578059383843722,0.895090941845422
520,0.0340471966418953,0.247145874572757,0.621660490122992,0.0310776412399696,0.0363650420392288,0.928874604501055
521,0.276245738431849,0.232874363642931,0.402628090648953,0.266510013236293,0.069961747994445,0.649137432798047
522,0.247766833245774,0.233538701841995,0.440228499829844,0.224924057854362,0.101854752218019,0.640153609801644
523,0.042500282440014,0.23944362211581,0.618251572276331,0.0388249564789507,0.0341698637427127,0.923751948941644
524,0.320067322298873,0.254762374971233,0.326325020833272,0.301607134334444,0.122159310838461,0.556219321796653
525,0.6244001061594,0.120294564017959,0.207610801549643,0.624617255118394,0.0529544880381847,0.325351117595661
526,0.523023628693931,0.18545122354916,0.238695007978975,0.505433147797814,0.0607390704036468,0.428774106931577
527,0.41007400664809,0.203998318778581,0.304065609007973,0.406144856902819,0.0871516618244068,0.499158153931263
528,0.737106277374918,0.0616733100871197,0.174117513705966,0.737862226705202,0.00702524347024793,0.254060248877536
529,0.739960667495674,0.0648738745652332,0.16701404865617,0.740092886505399,0.00828288315426564,0.250711085504249
530,0.765142177768833,0.0586677755714302,0.150431857216698,0.764949495362403,0.00932416197890349,0.224775723333836
531,0.739597449530033,0.0599484928588008,0.17040386398556,0.741728908651574,0.00559571463788238,0.252690487980438
532,0.737919796552703,0.0554374093758492,0.176201632709283,0.740021349283213,0.00514378518691986,0.255199585480962
533,0.761473021011394,0.0554594862742968,0.157448987015876,0.761274921186136,0.00774669135317565,0.230671757425987
534,0.705973741960962,0.0805186992396926,0.181257890465681,0.703679870924697,0.019450726404059,0.276936209354814
535,0.807585945029494,0.045302984203727,0.123430479492593,0.809839829222221,0.00800751505053606,0.181409978057182
536,0.772573596416142,0.055966526296258,0.146433398010218,0.774350774952999,0.0112232266378015,0.21474727821285
537,0.763505610574949,0.0614261440705509,0.149030637270656,0.763623023609684,0.013051484379021,0.223302145550189
538,0.743100666269656,0.0754238641333135,0.155030580439033,0.738628997750932,0.0206184549611968,0.239674716468517
539,0.543368081309735,0.116508132708764,0.283863765515844,0.552828127651117,0.0302790106549872,0.412971388446194
540,0.713183760782653,0.0846165567424723,0.170954463892257,0.710017390247158,0.0229489734165417,0.265143171703504
541,0.678496410522215,0.0997957254795778,0.18304982085058,0.675157646453133,0.0289674114126422,0.292928890824056
542,NA,NA,NA,NA,NA,NA
543,0.607117858138851,0.111438545824614,0.2440825682072,0.59642979697528,0.024486645566765,0.377465085289222
544,0.504719456198382,0.151017172979027,0.281572321878509,0.498660485170271,0.0439234670492853,0.444883980002048
545,0.649571900527331,0.0938492611123948,0.207728777491316,0.656605504562487,0.0206431088102293,0.319661070333182
546,0.396115628418488,0.14617974508394,0.365660515951961,0.421913295422685,0.0429719633463075,0.516553875962336
547,0.521317033738363,0.14828877680513,0.270828029552248,0.516887667659801,0.0459813942899717,0.429285265419892
548,0.576500414236647,0.131844203789817,0.238656026557859,0.571469675281029,0.0338665157309518,0.389271520682591
549,0.455878729489243,0.16101030162559,0.311353313463148,0.460976928158317,0.0381207692942663,0.496291348623977
550,0.352048433291713,0.208670436155925,0.365341533643939,0.341458493823041,0.0556893272945428,0.587917542495719
551,0.0631269468748025,0.79358782142588,0.0727920086897021,0.064941099527055,0.503100213935198,0.384003390338546
552,0.203194869322088,0.189304311193,0.511078287603288,0.206409450189365,0.017071510206687,0.774745347231038
553,NA,NA,NA,NA,NA,NA
554,0.250125144860404,0.213874807458304,0.433076316040105,0.245991412259695,0.0655858338173361,0.657215752096653
555,0.21127532458919,0.259950136932815,0.424574252870257,0.20421920833873,0.0697850979842031,0.706136476019615
556,0.200816292325285,0.295587108576662,0.38304405089419,0.193491512681776,0.105961781198966,0.671098034340294
557,0.325009167901668,0.218933717350046,0.370167226584336,0.316530289131094,0.062385677327821,0.603894409036445
558,0.562741000539578,0.145038291731412,0.237013798894334,0.556971303251566,0.0441817841946188,0.390160354731706
559,0.0926665169586305,0.313473953149887,0.470940584642289,0.0959824042822028,0.123189374853105,0.741034551796275
560,0.0852526971428237,0.357370138117987,0.408129188683914,0.0849123506133928,0.183688664222178,0.679162657635942
561,0.10942921006132,0.332582431268797,0.422346111466331,NA,NA,NA
562,0.0794826277295099,0.352819900916192,0.433055552618916,0.0818433007560965,0.142414810371874,0.733733881273123
563,0.0772654551020813,0.461424475069445,0.300410786044867,0.0765111350334973,0.212070763454147,0.634102446688609
564,0.0843466775222452,0.329480195211141,0.451730059799137,0.0848350540320504,0.112587650149601,0.765060481234232
565,0.380553934470937,0.209831507119804,0.337146489914685,0.364863506597082,0.0530124058166257,0.571536067453786
566,0.29821564607299,0.239296295753568,0.375961381636909,0.286080070785224,0.0529626286107318,0.642388670699287
567,0.196769815367554,0.261169166390893,0.442501155572707,0.189712778282296,0.0576974035261307,0.733068822068912
568,0.0758994315959568,0.316828987147196,0.492494753388121,0.0741173370982332,0.101419300427683,0.798503308557596
569,0.175210288232005,0.265429088534731,0.453847418420994,0.171283116401602,0.0666362112147347,0.745122885653732
570,0.104920980766826,0.261163786696559,0.519534570114616,0.106406464343631,0.05164257829867,0.829611043439471
571,0.159238305824401,0.268617146256963,0.463388640339338,0.156286818520857,0.063049156556617,0.763886512051068
572,0.094245386454987,0.306015903458339,0.480849692297819,0.0962866400972822,0.104414625004783,0.766394175374157
573,0.0170076719251086,0.855906520495404,0.0499875131425823,0.0124182461691933,0.751229241246682,0.111865501396847
574,0.0756979972797628,0.24992015223906,0.562525305730331,0.0764561174626608,0.0373276816129853,0.880338893100226
575,0.315963872786957,0.219453917763169,0.373620570949362,0.308564161268781,0.0513586430289716,0.621791477058556
576,0.286573050121828,0.218189126861504,0.400569114767931,0.281925167578679,0.0548437463712793,0.645200335042846
577,0.152623156122714,0.208214434620399,0.53997599751252,NA,NA,NA
578,0.225912843704668,0.265310558185635,0.399211099884797,0.221340119566902,0.069916817182101,0.678686418553509
579,0.0347216751768433,0.273353427196547,0.590337704983462,0.0290818288060856,0.056850261425173,0.909418888192017
580,0.112111773509112,0.343108442579633,0.411884259359069,0.110982774533258,0.182035388463682,0.650270524380768
581,0.13004700542825,0.319654280550989,0.419129778957178,0.129217793745662,0.103032765142009,0.731940701958042
582,0.159788495002,0.259332004117756,0.443558738220972,0.165822163083505,0.105319748332614,0.683942811844661
583,0.0567558990412967,0.351258247409873,0.454714268792723,0.0575214880066047,0.164185424691726,0.743263178751831
584,0.16101811168605,0.298659857574139,0.413479620567442,0.157802541717243,0.0994438191677766,0.705970845013178
585,0.040022859734751,0.36571193833998,0.434777285107117,0.0418016527954089,0.153157967037078,0.7855928548496
586,0.199290974629682,0.302361269409867,0.386586331771994,0.191355655773958,0.122527702635151,0.656242352563597
587,0.182507698156255,0.3348135239583,0.362595619857436,0.176787330497801,0.146611556557646,0.641600173210141
588,0.0814012897645135,0.330753948802042,0.457591828718009,0.0770414866494022,0.104240838985926,0.786828105651157
589,0.0543566683361857,0.383981019474189,0.421589458015124,0.0549522252884543,0.147104611079806,0.750173189476639
590,0.129992559231009,0.306901330470735,0.455707877374719,NA,NA,NA
591,0.103926354411699,0.30323311561064,0.470923288939685,0.101152844285394,0.0849503378127097,0.798805968728015
592,NA,NA,NA,NA,NA,NA
593,0.127429676147742,0.305695681405409,0.464634397689441,0.118400951506918,0.12235522552762,0.74379981526217
594,0.0939650170773539,0.272903161101528,0.517762190286892,0.0900184572725276,0.0786264992932931,0.819994390207767
595,0.0604247242317939,0.393887691898312,0.407926437653098,0.0591864024856677,0.174567253626213,0.725823546950822
596,0.11064033866848,0.343442115967907,0.415380529209275,0.10936954571749,0.109770241744027,0.751494507372835
597,0.0240093315484317,0.183340769119877,0.580118142675673,0.0369567471843942,0.0305990383711986,0.920812641642043
598,0.0853811883078294,0.363611965083765,0.40879335548034,0.0849988425519147,0.135224753302497,0.736560657142374
599,0.0276338954450252,0.461964920326549,0.380221726863966,0.0271745890248911,0.257908742006259,0.630049633601236
600,NA,NA,NA,NA,NA,NA
601,0.0768038906500272,0.384059612948518,0.394459166771878,0.0795308024264304,0.194771712602165,0.657505337737163
602,NA,NA,NA,NA,NA,NA
603,0.169413890410091,0.246642980287861,0.477497215575265,0.163115443114498,0.109535018131002,0.706456565009349
604,0.128749138595236,0.293376289709134,0.454348663121303,0.132751970484593,0.139015521802413,0.681046006443737
605,0.180735527830676,0.290822919738003,0.417162703789476,0.174322023926934,0.113312767017637,0.679740452106177
606,0.165038791318422,0.323753010745869,0.396634026241738,0.159559326329748,0.124615988934583,0.679234517715101
607,0.122879229358711,0.272529588055253,0.473611946188164,0.127140777112899,0.11046401776948,0.729247462159015
608,0.14433146593185,0.184877167813346,0.590100630108501,NA,NA,NA
609,0.123787238473421,0.303969854166851,0.453380644065439,0.118895295555531,0.117842729957816,0.729408318446831
809,0.406570110489369,0.189949384487603,0.330794172217705,0.408584078120796,0.0719628455676836,0.506683555514965
822,0.184770075613273,0.233745736564209,0.475460603944401,0.186192763918191,0.0592315980100263,0.749872159090314
823,0.159911979823918,0.230029533688337,0.497985558285583,0.163314586839408,0.0467657181335388,0.786165983189304
824,0.207858764228207,0.228893056783147,0.454932453966952,0.209766075266292,0.0568279817247793,0.727704774437036
825,0.232329083621516,0.21019825335044,0.4549519321299,0.236763446469008,0.042973185268871,0.721931859769876
826,0.159501549667179,0.221632612427438,0.506887393413444,0.163492067351747,0.0445985012687987,0.783939111892438
827,0.185152086414576,0.228906856671289,0.472146631546854,0.191348155947346,0.0582125773001686,0.740056206244222
828,0.0869786661878334,0.248703272334342,0.55221190661459,0.0871895584531696,0.052415126821702,0.846868044930504
829,0.202848302682438,0.22750551711915,0.459192735439429,0.207322471736614,0.0585484882273398,0.72043134582706
830,0.126607664049392,0.131083350877378,0.656130479089607,NA,NA,NA
831,0.10119334968311,0.215796531505994,0.571543110428371,0.100919067416467,0.0191902325584079,0.880630218515101
832,0.117139295203252,0.136831375397861,0.662600618148623,0.106224163684505,0.0342740727965064,0.867132892558912
833,0.0960474638900489,0.220583269982954,0.57045449895124,0.0956701469150323,0.0220803247784976,0.881704790986493
834,0.0583020288082742,0.225924139570315,0.603592461091326,0.0577666915066647,0.0209025658222674,0.921238323289323
835,0.0843642876249238,0.226096615644929,0.577875179750417,0.0835174927241853,0.025599685224496,0.889635987787108
836,0.0889826095913261,0.229603424862094,0.57152040966534,0.0879248461977561,0.0298772432176843,0.880292029022992
837,0.124607637416188,0.250707202842105,0.52814959553115,0.118382417729169,0.0486303689385228,0.819003621136317
838,0.0682170361315174,0.240562852174515,0.586977892108469,0.0687181150165324,0.0482255879356978,0.871724431054966
839,0.102005634035347,0.226245046379637,0.579303495170961,0.0989279967274938,0.029708396601884,0.859398389420307
840,0.174134232311369,0.236593119970098,0.481689919832796,0.174174155348471,0.0579868186485948,0.756883921630724
841,0.0813787855840948,0.23387919947163,0.582154267599859,0.0787528172072545,0.0369401776064644,0.879493577170027
842,0.0319687810276204,0.240621201454565,0.612431130462325,0.0315791327305582,0.026394279552674,0.940135379307531
843,0.059098313003318,0.233871306423351,0.588092351045522,0.0592037928363479,0.0302733502452798,0.906500907483515
844,0.174751393898719,0.242635360977914,0.47473102412249,0.174649250547958,0.0642880023090336,0.748754597008527
845,0.073116733944617,0.222489765740281,0.600432895153945,0.0693517553189011,0.0265971046721414,0.90005327876591
846,0.0784870461823243,0.228673136921108,0.578722685376799,0.0787633483395145,0.0274116507094621,0.890923036112004
847,0.0928198176612917,0.236969134544797,0.556766312538887,0.0915363890664916,0.0387574173303173,0.861710922774795
848,0.176903200324176,0.246725982789195,0.468689977192015,0.175960720904976,0.0673441211693166,0.742093437463893
849,0.233575635668355,0.219155878291703,0.435493689273499,0.245037179955742,0.0661657814166997,0.685587679522312
850,0.0880871833348573,0.320278184205711,0.494935828504199,0.0854219259409815,0.116901710456022,0.775385278701982
851,0.164645705947379,0.261285110992957,0.465910784956338,0.164139855879203,0.0752473495858367,0.742007215669832
852,NA,NA,NA,NA,NA,NA
853,0.122535462308973,0.266737736792067,0.501177908022243,0.121489628495261,0.0690374301388931,0.784207010944553
854,0.114505093526681,0.269085370704422,0.513918295932598,0.113731102478474,0.0737952895997189,0.793029923137825
855,0.0895757601662251,0.301791788048586,0.501985665142094,0.0903501041539407,0.0948859498103029,0.776627998623932
856,0.108577418480644,0.315947758866269,0.463550828029259,0.10636373959509,0.116349596280714,0.737174777531105
857,0.121060480579721,0.332576454533874,0.434108229397249,0.118876967810799,0.13681575720605,0.698605475762761
858,0.0871291026359856,0.311098184579857,0.497354808214797,0.0854899294479236,0.11140716036193,0.770319660153703
859,0.0604215470938864,0.355384380408442,0.470413187415434,0.0589977189251811,0.159647909094758,0.733836546181829
860,0.152372344253891,0.239363644151414,0.493771544721494,0.155442703683099,0.050388206035837,0.784994801381024
861,0.165751982176896,0.232138966173055,0.490451924856248,0.167618294507781,0.045957779257731,0.774779044801231
862,0.140988592230254,0.277247053520995,0.464393691246469,0.144068829637152,0.0845435615512686,0.751117686668611
863,0.195246493309361,0.232716135131167,0.459918793897233,0.207798967372776,0.061092775826672,0.716526993054814
864,0.19014676719068,0.25320288320411,0.44746728597267,0.193933160967056,0.0774398335855223,0.712096083023243
865,0.150587852756544,0.267263268521284,0.471827692136892,0.145233363245466,0.0938054261149341,0.735356026641831
866,0.0780705740022316,0.271252733221033,0.544239095853086,0.0749269487310017,0.0796322765944171,0.833616019192834
867,0.0775557633519885,0.298635633319303,0.513827294537129,0.0757294092348837,0.108682633840614,0.794673820947154
868,0.10068762235505,0.277500782232354,0.523107752798263,0.097958869021597,0.069494699221972,0.817371913147812
869,0.126041025600069,0.267301345341949,0.507503453293934,0.122745509715667,0.0789030283105769,0.779284223097461
870,0.162025893462999,0.280270242386267,0.450273032922809,0.16295572002011,0.101718296388028,0.709743716727812
871,0.176016073142386,0.261691962326118,0.454342374841977,0.176901132757099,0.082696181777161,0.721117777242553
872,0.147733553800878,0.250931150501606,0.491802377938269,0.1459963150412,0.0694875062286177,0.786409873308334
873,0.171427712888339,0.252478528520954,0.468246538544712,0.171722879957128,0.066100441669139,0.747001712272332
874,0.141226305223649,0.315106827211675,0.430604474643108,0.141773144093652,0.125612968862717,0.706938403417976
875,0.150616922975252,0.25750999025986,0.481473742943957,0.15222635715396,0.0693131693078191,0.763203068581342
876,0.147394099899897,0.235797998261397,0.511180280745736,0.146920209417581,0.0456669177070131,0.797437466166154
877,0.167454817332456,0.250499660579198,0.474921460414118,0.16783735621751,0.0636611057155127,0.754370366499872
878,0.168781738858135,0.262553957393895,0.460409617629391,0.16911667623729,0.0775478025553909,0.733750088701171
879,0.121058939247971,0.299787276929249,0.472884261020521,0.119438645194777,0.113171285003449,0.740299648166044
880,0.174427235400573,0.303323455807731,0.4127897720258,0.173864777821157,0.120106173227171,0.678008336630572
881,0.159255439409501,0.313217416163974,0.410453785221035,0.153703181134952,0.14241999233342,0.660536328062645
882,0.0434734215162433,0.250230936994555,0.602105784966291,0.0439867306614209,0.0606019009821675,0.888950710927185
